window_start,trade_id,symbol,created_at_utc,entered_at_utc,closed_at_utc,status,complete_closed,strict_clean,reason_codes,regime,month,capacity_blocked_candidates_same_decision,gross_pnl,entry_fee,exit_fee,slippage_cost,net_pnl,r_multiple_net,mae_available,mfe_available
2024-07-01,fa82625dbfce,PEPEUSDT,2024-07-24T00:00:00+00:00,2024-07-24T12:00:00+00:00,2024-07-25T16:00:00+00:00,STOPPED,True,False,survivorship_suspect,NEUTRAL,2024-07,0,-101.50559059144351,0.4283715697971701,0.9694233339014817,1.505590591443506,-102.90338549514216,-1.02355581632307,False,False
2024-07-01,0a1b59b44483,XRPUSDT,2024-07-24T16:00:00+00:00,2024-07-25T00:00:00+00:00,2024-08-02T08:00:00+00:00,STOPPED,True,False,survivorship_suspect,NEUTRAL,2024-07,0,-101.3001527491122,0.45335864746705606,1.0320964659185279,1.5995446972969725,-102.78560786249778,-1.0251187741461265,False,False
2024-07-01,7c7b3fca1a51,JTOUSDT,2024-07-30T00:00:00+00:00,2024-07-30T04:00:00+00:00,2024-07-31T16:00:00+00:00,STOPPED,True,False,survivorship_suspect,NEUTRAL,2024-07,0,-100.77007559147859,0.5946396465392139,1.385829040756556,2.1301443511405616,-102.75054427877436,-1.0338859735658816,False,False
2024-07-01,1c037c744704,LTCUSDT,2024-07-30T00:00:00+00:00,2024-07-30T04:00:00+00:00,2024-08-01T16:00:00+00:00,STOPPED,True,False,survivorship_suspect,NEUTRAL,2024-07,0,-100.84345726754444,0.6177829398149722,1.443613892269886,2.2169017046130612,-102.90485409962929,-1.0352767835568848,False,False
2024-07-01,b3ccfea1e1dd,RUNEUSDT,2024-07-30T00:00:00+00:00,2024-07-30T04:00:00+00:00,2024-07-31T20:00:00+00:00,STOPPED,True,False,survivorship_suspect,NEUTRAL,2024-07,0,-100.3468200579531,0.4889839461241367,1.1221130452523884,1.7341607519537825,-101.95791704932962,-1.0275572920150882,False,False
2024-07-01,dc39300abc97,CRVUSDT,2024-08-02T04:00:00+00:00,2024-08-02T12:00:00+00:00,2024-08-04T00:00:00+00:00,STOPPED,True,False,survivorship_suspect,NEUTRAL,2024-08,0,-95.81338172688073,0.2778113140113131,0.598714903301402,0.9464048147344768,-96.68990794419345,-1.015500235137907,False,False
2024-07-01,e351b9d07274,BTCUSDT,2024-09-23T00:00:00+00:00,2024-09-23T04:00:00+00:00,2024-09-30T04:00:00+00:00,STOPPED,True,False,survivorship_suspect,NEUTRAL,2024-09,0,31.638076949684823,0.8227768351314488,2.088580164778307,3.1186279009953286,28.726719949775067,0.30261576551769875,False,False
2024-07-01,2564e97e1ab3,AVAXUSDT,2024-09-23T04:00:00+00:00,2024-09-23T08:00:00+00:00,2024-09-28T12:00:00+00:00,STOPPED,True,False,survivorship_suspect,NEUTRAL,2024-09,0,79.71952983476021,0.6450148610034967,1.692256682343502,2.4998162764089895,77.38225829141321,0.8194651037907368,False,False
2024-07-01,6524eac83ccb,ORDIUSDT,2024-09-23T04:00:00+00:00,2024-09-24T20:00:00+00:00,2024-09-27T08:00:00+00:00,CLOSED,True,False,capacity_distorted;survivorship_suspect,NEUTRAL,2024-09,1,169.841809994113,0.35178042188857106,0.4197171458862163,0.43950577447336714,169.0703124263382,1.7743938923429996,False,False
2024-07-01,5643ede98600,ARBUSDT,2024-09-23T08:00:00+00:00,2024-09-23T16:00:00+00:00,2024-09-28T12:00:00+00:00,STOPPED,True,False,survivorship_suspect,NEUTRAL,2024-09,0,56.681767944377754,0.46560033644115656,1.220682609047269,1.8036140793291937,54.995484998889324,0.5841110706436093,False,False
2024-07-01,0d2d21e90604,SUIUSDT,2024-09-23T12:00:00+00:00,2024-09-23T16:00:00+00:00,2024-09-27T00:00:00+00:00,STOPPED,True,False,survivorship_suspect,NEUTRAL,2024-09,0,69.30351610051304,0.3892199280246427,1.0423533361621198,1.5296785020411456,67.87194283632627,0.7215370883031861,False,False
2024-07-01,eafd30229d85,XRPUSDT,2024-09-26T08:00:00+00:00,2024-09-27T00:00:00+00:00,2024-09-29T16:00:00+00:00,CLOSED,True,False,survivorship_suspect,NEUTRAL,2024-09,0,275.68535451539924,0.9079576496856421,1.0182317914918015,1.1343798721708485,273.7591650742218,2.7938045438764947,False,False
2024-07-01,6fb30b75c0bd,APTUSDT,2024-09-26T12:00:00+00:00,2024-09-27T08:00:00+00:00,2024-10-01T00:00:00+00:00,STOPPED,True,False,capacity_distorted;survivorship_suspect,NEUTRAL,2024-09,2,-99.95647784552679,0.48034564180140943,1.100907626657997,1.702141622552884,-101.5377311139862,-1.027143567239412,False,False
2024-07-01,04da8df589c8,BNBUSDT,2024-09-26T16:00:00+00:00,2024-09-28T12:00:00+00:00,2024-09-30T12:00:00+00:00,STOPPED,True,False,survivorship_suspect,NEUTRAL,2024-09,0,-101.71461109556367,0.7911285233596015,1.87610669730344,2.866401127962029,-104.38184631622671,-1.0455265774288056,False,False
2024-07-01,e3e13edbbb64,ETHUSDT,2024-09-26T20:00:00+00:00,2024-09-29T16:00:00+00:00,2024-10-01T16:00:00+00:00,STOPPED,True,False,capacity_distorted;survivorship_suspect,NEUTRAL,2024-09,1,-102.7797737271759,0.7099165701380089,1.6720116516178463,2.560637573508939,-105.16170194893175,-1.0401124563642294,False,False
2024-07-01,368290d61c8d,SOLUSDT,2024-09-28T00:00:00+00:00,2024-09-28T12:00:00+00:00,2024-10-01T20:00:00+00:00,STOPPED,True,False,survivorship_suspect,NEUTRAL,2024-09,0,-100.5813088638662,0.4858506519816964,1.1140453210903747,1.7221702916440165,-102.18120483693826,-1.027296286211956,False,False
2024-07-01,9f3965134c32,WIFUSDT,2024-09-29T08:00:00+00:00,2024-10-01T16:00:00+00:00,2024-10-03T12:00:00+00:00,STOPPED,True,False,survivorship_suspect,NEUTRAL,2024-09,0,-96.97115223853145,0.2789364002748584,0.6003698484486144,0.9494670714852962,-97.85045848725491,-1.0153603225208359,False,False
2024-07-01,9cf95ab0cb56,PEOPLEUSDT,2024-09-29T20:00:00+00:00,2024-10-01T04:00:00+00:00,2024-10-01T20:00:00+00:00,STOPPED,True,False,survivorship_suspect,NEUTRAL,2024-09,0,-99.08006423111239,0.2817632652301542,0.6053280988442731,0.9579621003810128,-99.96715559518681,-1.0151616002491821,False,False
2024-07-01,3fbd8560fb27,BONKUSDT,2024-10-01T00:00:00+00:00,2024-10-01T04:00:00+00:00,2024-10-02T20:00:00+00:00,STOPPED,True,False,survivorship_suspect,NEUTRAL,2024-10,0,-99.04907081627465,0.2718643053817365,0.5806116926380667,0.9208534369749403,-99.90154681429445,-1.0145597621647906,False,False
2024-07-01,769441e1bd86,TRXUSDT,2024-10-01T04:00:00+00:00,2024-10-03T20:00:00+00:00,2024-10-26T00:00:00+00:00,STOPPED,True,False,survivorship_suspect,NEUTRAL,2024-10,0,113.40809799250046,1.147501440964117,2.9821617004027927,4.418806818469719,109.27843485113355,1.1510022714303452,False,False
2024-07-01,a6e64f41dbc7,TIAUSDT,2024-10-12T00:00:00+00:00,2024-10-12T08:00:00+00:00,2024-10-30T16:00:00+00:00,STOPPED,True,False,survivorship_suspect,NEUTRAL,2024-10,0,-95.26531785400643,0.240970986889799,0.5071621493704912,0.808733021200939,-96.01345099026672,-1.0132527873105142,False,False
2024-07-01,a4386e8a12ae,BTCUSDT,2024-10-12T00:00:00+00:00,2024-10-12T08:00:00+00:00,2024-10-31T16:00:00+00:00,STOPPED,True,False,survivorship_suspect,NEUTRAL,2024-10,0,168.14934370184935,0.5041850254840446,1.428611907411961,2.0599582730543866,166.21654676895335,1.7481558407297089,False,False
2024-07-01,4b57406fafc7,BNBUSDT,2024-10-12T00:00:00+00:00,2024-10-12T04:00:00+00:00,2024-11-11T00:00:00+00:00,STOPPED,True,False,survivorship_suspect,NEUTRAL,2024-10,0,110.00416715976068,0.6504394071627879,1.7361026850667307,2.5504834630768003,107.61762506753116,1.1342370966034716,False,False
2024-07-01,7e9be4d8ddf4,SOLUSDT,2024-10-12T04:00:00+00:00,2024-10-13T08:00:00+00:00,2024-10-23T08:00:00+00:00,STOPPED,True,False,capacity_distorted;survivorship_suspect,NEUTRAL,2024-10,2,131.70304240230234,0.4307444672248222,1.2085642104643577,1.7479354877280517,130.06373372461317,1.3604103034917256,False,False
2024-07-01,2be3759c8104,ADAUSDT,2024-10-22T16:00:00+00:00,2024-10-23T08:00:00+00:00,2024-10-23T20:00:00+00:00,STOPPED,True,False,survivorship_suspect,RISK_ON,2024-10,0,-99.30538259518936,0.6487221308734944,1.5224999445885465,2.3345213834415004,-101.4766046706514,-1.037790905096023,False,False
2024-07-01,aa35059e9881,RAYUSDT,2024-10-23T08:00:00+00:00,2024-10-23T20:00:00+00:00,2024-10-28T00:00:00+00:00,CLOSED,True,False,capacity_distorted;survivorship_suspect,RISK_ON,2024-10,3,208.36847197864645,0.21818130046218034,0.30152868925363896,0.2725903304124523,207.84876198893065,2.165228077996826,False,False
2024-07-01,37d35df1acb1,SOLUSDT,2024-10-23T16:00:00+00:00,2024-10-26T12:00:00+00:00,2024-11-05T00:00:00+00:00,STOPPED,True,False,survivorship_suspect,RISK_ON,2024-10,0,-98.61236506416493,0.5555348703176187,1.290224810729882,1.9855878791778006,-100.45812474521243,-1.0322364226043612,False,False
2024-07-01,17d559ebe752,BOMEUSDT,2024-10-29T04:00:00+00:00,2024-10-29T12:00:00+00:00,2024-11-01T08:00:00+00:00,STOPPED,True,False,survivorship_suspect,NEUTRAL,2024-10,0,-101.22161298226179,0.33991525855384613,0.7485665334023535,1.1739975815776167,-102.31009477421799,-1.0182915857768715,False,False
2024-07-01,9d7cbcd96cd5,RAYUSDT,2024-10-30T00:00:00+00:00,2024-11-01T16:00:00+00:00,2024-11-07T00:00:00+00:00,CLOSED,True,False,survivorship_suspect,NEUTRAL,2024-10,0,239.86760867236288,0.3236069601024503,0.41955400357139555,0.40430654685463735,239.12444770868902,2.488394445360274,False,False
2024-07-01,ab7f41525506,LTCUSDT,2024-10-30T00:00:00+00:00,2024-10-30T16:00:00+00:00,2024-11-03T16:00:00+00:00,STOPPED,True,False,capacity_distorted;survivorship_suspect,NEUTRAL,2024-10,2,-100.58363776403776,0.5384903855737766,1.2456423261704035,1.9196658090559864,-102.36777047578194,-1.030512594497146,False,False
2024-07-01,7d3edf14c340,ARKMUSDT,2024-11-04T00:00:00+00:00,2024-11-04T04:00:00+00:00,2024-11-08T00:00:00+00:00,CLOSED,True,False,survivorship_suspect,NEUTRAL,2024-11,0,240.1827592539119,0.25635828360645113,0.3524313873080159,0.32028771065273326,239.57396958299745,2.5147861784569434,False,False
2024-07-01,13a039e9251b,BTCUSDT,2024-11-04T04:00:00+00:00,2024-11-05T08:00:00+00:00,2024-11-07T00:00:00+00:00,CLOSED,True,False,survivorship_suspect,NEUTRAL,2024-11,0,281.630023568583,1.0704835254162568,1.18313553484369,1.3374356889255143,279.37640450832305,2.9228052319544586,False,False
2024-07-01,da673ef78ae6,WLDUSDT,2024-11-07T16:00:00+00:00,2024-11-07T20:00:00+00:00,2024-11-13T04:00:00+00:00,STOPPED,True,False,survivorship_suspect,NEUTRAL,2024-11,0,79.32496261502388,0.1934768582328629,0.5630171081971811,0.8053058990720371,78.56846864859384,0.7637126091115073,False,False
2024-07-01,3d8a621478da,APEUSDT,2024-11-07T20:00:00+00:00,2024-11-08T00:00:00+00:00,2024-11-24T16:00:00+00:00,STOPPED,True,False,survivorship_suspect,NEUTRAL,2024-11,0,88.36219947193771,0.21007027698184694,0.6135378919265551,0.8766086618887902,87.5385913030293,0.849289016522409,False,False
2024-07-01,dd62bb2641c3,SHIBUSDT,2024-11-08T00:00:00+00:00,2024-11-08T08:00:00+00:00,2024-11-10T16:00:00+00:00,CLOSED,True,False,survivorship_suspect,RISK_ON,2024-11,0,233.56241862977765,0.3017027467846484,0.3951277142365595,0.37693996349897013,232.86558816875643,2.262762728077758,False,False
2024-07-01,d3f90bbc71a7,SUIUSDT,2024-11-08T08:00:00+00:00,2024-11-08T12:00:00+00:00,2024-11-12T12:00:00+00:00,STOPPED,True,False,capacity_distorted;survivorship_suspect,RISK_ON,2024-11,1,157.7392459827075,0.22969743199724377,0.731982825975817,1.0196938423633624,156.77756572473444,1.5266980093649327,False,False
2024-07-01,3c6ccfc5d935,OGUSDT,2024-11-08T08:00:00+00:00,2024-11-10T20:00:00+00:00,2024-11-13T04:00:00+00:00,STOPPED,True,False,survivorship_suspect,RISK_ON,2024-11,0,-109.23964977571899,0.25644735376951605,0.5318787346480711,0.852810138509351,-110.02797586413658,-1.0121494874753252,False,False
2024-07-01,eb0e28ef98c0,UNIUSDT,2024-11-10T20:00:00+00:00,2024-11-11T00:00:00+00:00,2024-11-12T12:00:00+00:00,STOPPED,True,False,survivorship_suspect,RISK_ON,2024-11,0,-1.2120258757717524,0.48481035030866215,1.2108138498958836,1.8177359586160264,-2.9076500759762984,-0.026852166502919883,False,False
2024-07-01,42674f7ad96b,RUNEUSDT,2024-11-11T00:00:00+00:00,2024-11-13T16:00:00+00:00,2024-11-15T08:00:00+00:00,STOPPED,True,False,capacity_distorted;survivorship_suspect,RISK_ON,2024-11,2,-110.44355355678506,0.34187832291954356,0.7442522537420738,1.172131587474197,-111.52968413344668,-1.0166923603128406,False,False
2024-07-01,e30f07641f60,ETHUSDT,2024-11-12T12:00:00+00:00,2024-11-12T16:00:00+00:00,2024-12-06T00:00:00+00:00,STOPPED,True,False,survivorship_suspect,RISK_ON,2024-11,0,168.28951344179146,0.4427450527062909,1.2751521452075185,1.8295833122947682,166.57161624387766,1.5464524801568815,False,False
2024-07-01,2e794bbdd02c,PEPEUSDT,2024-11-12T16:00:00+00:00,2024-11-12T20:00:00+00:00,2024-11-13T16:00:00+00:00,CLOSED,True,False,capacity_distorted;survivorship_suspect,RISK_ON,2024-11,1,186.49471975660327,0.18090463962463127,0.2555025275272726,0.22601779063547175,186.05831258945136,1.7264446994423357,False,False
2024-07-01,a2ddd19329c8,TRXUSDT,2024-11-13T04:00:00+00:00,2024-11-13T08:00:00+00:00,2024-11-20T00:00:00+00:00,STOPPED,True,False,survivorship_suspect,RISK_ON,2024-11,0,123.55296690358456,0.4101342510751305,1.1488885945914107,1.6624502412645965,121.99394405791801,1.1430790022023032,False,False
2024-07-01,69a1fa9b66af,NEARUSDT,2024-11-13T12:00:00+00:00,2024-11-13T16:00:00+00:00,2024-11-24T16:00:00+00:00,STOPPED,True,False,capacity_distorted;survivorship_suspect,RISK_ON,2024-11,2,56.521402651273206,0.2132405248195856,0.5896227147002372,0.8566303749287059,55.71853941175338,0.5086470569652775,False,False
2024-07-01,423ee0d26798,ADAUSDT,2024-11-15T08:00:00+00:00,2024-11-15T12:00:00+00:00,2024-11-16T16:00:00+00:00,CLOSED,True,False,capacity_distorted;survivorship_suspect,RISK_ON,2024-11,2,185.3220245344263,0.258419643923959,0.3325484537377295,0.3228631233431837,184.73105643676462,1.7140692013292849,False,False
2024-07-01,52f03d8b28e8,FLOKIUSDT,2024-11-16T16:00:00+00:00,2024-11-16T20:00:00+00:00,2024-12-19T00:00:00+00:00,STOPPED,True,False,capacity_distorted;survivorship_suspect,RISK_ON,2024-11,2,-112.23076245060464,0.2539176893955268,0.5225634610382122,0.8403250400839453,-113.00724360103838,-1.0116336472629488,False,False
2024-07-01,cb0c2249e175,ADAUSDT,2024-11-18T20:00:00+00:00,2024-11-20T00:00:00+00:00,2024-11-22T20:00:00+00:00,CLOSED,True,False,survivorship_suspect,RISK_ON,2024-11,0,265.0651861815641,0.3747873674027808,0.4808134418754065,0.4682500842112879,264.2095853722859,2.373978980652426,False,False
2024-07-01,452a8ba7e82a,SOLUSDT,2024-11-22T16:00:00+00:00,2024-11-22T20:00:00+00:00,2024-11-26T12:00:00+00:00,STOPPED,True,False,survivorship_suspect,RISK_ON,2024-11,0,-115.37447374469717,0.41540111767207766,0.9231283204354969,1.4430442739477942,-116.71300318280474,-1.0197690998756919,False,False
2024-07-01,9e5b6c7067c7,ETHFIUSDT,2024-11-24T12:00:00+00:00,2024-11-24T16:00:00+00:00,2024-12-05T04:00:00+00:00,STOPPED,True,False,survivorship_suspect,RISK_ON,2024-11,0,134.52134756016446,0.17323376280168237,0.5676057545643703,0.7846079150017385,133.7805080427984,1.1713956881365613,False,False
2024-07-01,4474df244e78,ARBUSDT,2024-11-24T12:00:00+00:00,2024-11-26T12:00:00+00:00,2024-12-06T00:00:00+00:00,STOPPED,True,False,survivorship_suspect,RISK_ON,2024-11,0,154.13956455544206,0.2330135644205384,0.7366734756067881,1.0285322813215036,153.16987751541473,1.344468225358276,False,False
2024-07-01,e43a6cbe1cfb,LDOUSDT,2024-11-24T12:00:00+00:00,2024-11-24T20:00:00+00:00,2024-12-01T16:00:00+00:00,STOPPED,True,False,capacity_distorted;survivorship_suspect,RISK_ON,2024-11,1,141.92309663596743,0.22025374110211066,0.6925574493912441,0.9684302866756461,141.01028544547407,1.2269015843811062,False,False
2024-07-01,334cc31e97a4,ADAUSDT,2024-11-30T20:00:00+00:00,2024-12-01T20:00:00+00:00,2024-12-03T16:00:00+00:00,STOPPED,True,False,survivorship_suspect,RISK_ON,2024-11,0,53.16161009230842,0.37191276107087196,0.9829435127694883,1.4485860622372555,51.80675381846806,0.43656179524244,False,False
2024-07-01,fd0be951a1f5,WUSDT,2024-12-02T04:00:00+00:00,2024-12-03T16:00:00+00:00,2024-12-07T20:00:00+00:00,STOPPED,True,False,capacity_distorted;survivorship_suspect,RISK_ON,2024-12,2,137.59929723398514,0.3643252461481871,1.0484124126044527,1.5046408426800404,136.1865595752325,1.1497082716924745,False,False
2024-07-01,d1762a52dc20,FETUSDT,2024-12-03T08:00:00+00:00,2024-12-05T04:00:00+00:00,2024-12-08T08:00:00+00:00,STOPPED,True,False,survivorship_suspect,RISK_ON,2024-12,0,102.27482728204966,0.4685067762030746,1.2735417677897363,1.8601573842280337,100.53277873805685,0.8265403592806174,False,False
2024-07-01,8c8e876264ef,SEIUSDT,2024-12-04T08:00:00+00:00,2024-12-06T00:00:00+00:00,2024-12-10T00:00:00+00:00,STOPPED,True,False,survivorship_suspect,RISK_ON,2024-12,0,-122.47648124917504,0.28836065044196485,0.5984251448557371,0.9592948467383013,-123.36326704447274,-1.0121910154668337,False,False
2024-07-01,6de322ab1358,AAVEUSDT,2024-12-05T04:00:00+00:00,2024-12-06T00:00:00+00:00,2024-12-12T16:00:00+00:00,CLOSED,True,False,survivorship_suspect,RISK_ON,2024-12,0,321.50990954254075,0.25768193669478556,0.3862859005118019,0.3219414501433395,320.8659417053342,2.633396049208264,False,False
2024-07-01,e05d92aa0797,THETAUSDT,2024-12-06T00:00:00+00:00,2024-12-07T20:00:00+00:00,2024-12-10T00:00:00+00:00,STOPPED,True,False,capacity_distorted;survivorship_suspect,RISK_ON,2024-12,1,-125.40586535637956,0.37948483364605884,0.8233062187587675,1.2982493316741182,-126.60865640878438,-1.0162698119543319,False,False
2024-07-01,7aac91eec774,TAOUSDT,2024-12-06T00:00:00+00:00,2024-12-08T08:00:00+00:00,2024-12-10T00:00:00+00:00,STOPPED,True,False,survivorship_suspect,RISK_ON,2024-12,0,-124.27304810304898,0.2524648975800093,0.5068891958469742,0.8228200027092414,-125.03240219647596,-1.0102350746786788,False,False
2024-07-01,a1fca729049d,CRVUSDT,2024-12-10T08:00:00+00:00,2024-12-10T12:00:00+00:00,2024-12-19T20:00:00+00:00,STOPPED,True,False,survivorship_suspect,RISK_ON,2024-12,0,-119.89809211431188,0.1843667373831708,0.3410187513436151,0.57170336155896,-120.42347760303866,-1.0072496595186387,False,False
2024-07-01,5d04185296f8,BEAMXUSDT,2024-12-10T12:00:00+00:00,2024-12-11T16:00:00+00:00,2024-12-19T04:00:00+00:00,STOPPED,True,False,survivorship_suspect,RISK_ON,2024-12,0,-120.36221648799507,0.244481247124663,0.4908409013236624,0.7967810680457408,-121.09753863644339,-1.0102331303354855,False,False
2024-07-01,e38393aeeebf,IOUSDT,2024-12-11T00:00:00+00:00,2024-12-11T12:00:00+00:00,2025-01-29T20:00:00+00:00,STOPPED,True,False,survivorship_suspect,RISK_ON,2024-12,0,-119.11124841167386,0.14016497780945336,0.2313011961119595,0.40665139177114196,-119.48271458559528,-1.0050723447587224,False,False
2024-07-01,e0952c7b4dd2,YFIUSDT,2024-12-11T16:00:00+00:00,2024-12-12T16:00:00+00:00,2024-12-19T20:00:00+00:00,STOPPED,True,False,survivorship_suspect,RISK_ON,2024-12,0,-122.58920508905581,0.1813699321116976,0.33083562519018817,0.5577659075640142,-123.10141064635769,-1.0068982977400207,False,False
2024-07-01,98435844cbe4,BNBUSDT,2024-12-26T04:00:00+00:00,2024-12-27T12:00:00+00:00,2025-01-27T08:00:00+00:00,STOPPED,True,False,survivorship_suspect,NEUTRAL,2024-12,0,-118.2366282114033,0.5446316208445492,1.2433424238999697,1.9250363123158296,-120.02460225614782,-1.025921088516255,False,False
2024-07-01,e616bb4c130c,GALAUSDT,2025-01-03T00:00:00+00:00,2025-01-03T04:00:00+00:00,2025-01-08T20:00:00+00:00,STOPPED,True,False,survivorship_suspect,NEUTRAL,2025-01,0,-117.47445071678494,0.25440505769942984,0.5185381935317896,0.8369046492076706,-118.24739396801617,-1.0110469510103388,False,False
2024-07-01,01c3de2dcaec,UNIUSDT,2025-01-03T00:00:00+00:00,2025-01-03T04:00:00+00:00,2025-01-08T20:00:00+00:00,STOPPED,True,False,survivorship_suspect,NEUTRAL,2025-01,0,-118.16346115526535,0.43975828546940104,0.9812322525182372,1.5316376122493214,-119.58445169325299,-1.020508443739003,False,False
2024-07-01,2824a9c01ca6,SUIUSDT,2025-01-03T04:00:00+00:00,2025-01-03T16:00:00+00:00,2025-01-05T00:00:00+00:00,CLOSED,True,False,capacity_distorted;survivorship_suspect,NEUTRAL,2025-01,1,107.74508433698618,0.3160567297420687,0.35915476347686315,0.39487347543989676,107.06987284376724,0.9054148279257216,False,False
2024-07-01,6fc42846f7e4,XVGUSDT,2025-01-03T08:00:00+00:00,2025-01-05T12:00:00+00:00,2025-01-08T08:00:00+00:00,STOPPED,True,False,survivorship_suspect,NEUTRAL,2025-01,0,-119.56053152438795,0.2856218822193873,0.5944941740240803,0.9519381915974253,-120.44064758063142,-1.01240028441447,False,False
2024-07-01,85de6419cd32,DOGEUSDT,2025-01-15T00:00:00+00:00,2025-01-15T04:00:00+00:00,2025-02-02T00:00:00+00:00,STOPPED,True,False,survivorship_suspect,NEUTRAL,2025-01,0,-114.55168405121735,0.28409547714672573,0.5956870088155969,0.9512251676032345,-115.43146653717967,-1.012953012917661,False,False
2024-07-01,c034a5b7fc0e,BTCUSDT,2025-01-15T04:00:00+00:00,2025-01-15T08:00:00+00:00,2025-02-25T12:00:00+00:00,STOPPED,True,False,survivorship_suspect,NEUTRAL,2025-01,0,-115.16951880678558,0.471078145170058,1.0625258441183594,1.6521428383121477,-116.703122796074,-1.0227612485793367,False,False
2024-07-01,1e6b09822889,TAOUSDT,2025-01-28T00:00:00+00:00,2025-01-29T20:00:00+00:00,2025-02-02T20:00:00+00:00,STOPPED,True,False,survivorship_suspect,NEUTRAL,2025-01,0,-112.7826398160238,0.2032424562959188,0.3953235009237732,0.649645327460157,-113.3812057732435,-1.0088469830127198,False,False
2024-07-01,7742b2227982,XRPUSDT,2025-01-28T04:00:00+00:00,2025-01-28T08:00:00+00:00,2025-02-02T20:00:00+00:00,STOPPED,True,False,survivorship_suspect,NEUTRAL,2025-01,0,-113.60113081053889,0.28617513472573575,0.6018367060038005,0.9599792934818641,-114.48914265126842,-1.0131899844494834,False,False
2024-07-01,d5d5727e43e6,CRVUSDT,2025-04-25T00:00:00+00:00,2025-04-25T08:00:00+00:00,2025-05-23T16:00:00+00:00,STOPPED,True,False,survivorship_suspect,NEUTRAL,2025-04,0,96.48970762710451,0.2840094765721627,0.8065133990575112,1.1621551482782078,95.39918475147483,0.8840913315731117,False,False
2024-07-01,b8a93abd5a6c,RENDERUSDT,2025-04-25T00:00:00+00:00,2025-04-25T08:00:00+00:00,2025-04-28T04:00:00+00:00,STOPPED,True,False,survivorship_suspect,NEUTRAL,2025-04,0,-109.45555808776314,0.5403666858290491,1.2414611564848597,1.917824657233043,-111.23738593007704,-1.0279498376071192,False,False
2024-07-01,33745529bcdf,AVAXUSDT,2025-04-25T00:00:00+00:00,2025-04-25T08:00:00+00:00,2025-05-07T20:00:00+00:00,STOPPED,True,False,survivorship_suspect,NEUTRAL,2025-04,0,-108.54701090965803,0.301205976393893,0.6444679300750745,1.0214323539550982,-109.492684816127,-1.0147429005517097,False,False
2024-07-01,fdcee0642f6b,DOGEUSDT,2025-04-25T04:00:00+00:00,2025-04-28T04:00:00+00:00,2025-05-10T20:00:00+00:00,CLOSED,True,False,survivorship_suspect,NEUTRAL,2025-04,0,272.7143408869995,0.3614512976082113,0.4705370339630111,0.45158832784627456,271.88235255542827,2.5579153526462264,False,False
2024-07-01,b767d5cf5aac,PEPEUSDT,2025-04-25T04:00:00+00:00,2025-04-25T08:00:00+00:00,2025-05-06T12:00:00+00:00,STOPPED,True,False,survivorship_suspect,NEUTRAL,2025-04,0,-108.69160409504039,0.3345380936326584,0.7276536299866057,1.1463456472217386,-109.75379581865965,-1.0165850342465754,False,False
2024-07-01,cb72e7a0c22e,TURBOUSDT,2025-05-05T04:00:00+00:00,2025-05-06T16:00:00+00:00,2025-05-10T12:00:00+00:00,STOPPED,True,False,survivorship_suspect,NEUTRAL,2025-05,0,13.630699100024058,0.2156726144932985,0.5528122353332703,0.8228216410307281,12.86221425019749,0.12404516303571524,False,False
2024-07-01,d7c22b07ce45,LTCUSDT,2025-05-07T16:00:00+00:00,2025-05-08T00:00:00+00:00,2025-05-11T16:00:00+00:00,STOPPED,True,False,survivorship_suspect,NEUTRAL,2025-05,0,100.409591627601,0.3799935141259573,1.0503933769424942,1.5261993371640064,98.97920473653255,0.9523672031575979,False,False
2024-07-01,8eeae19f37c4,SUIUSDT,2025-05-11T04:00:00+00:00,2025-05-11T12:00:00+00:00,2025-05-25T12:00:00+00:00,STOPPED,True,False,survivorship_suspect,RISK_ON,2025-05,0,-110.7005001048024,0.35702061947586267,0.7818510485848543,1.2286864302378186,-111.83937177286312,-1.0174812831877698,False,False
2024-07-01,595eeedcd373,XRPUSDT,2025-05-11T04:00:00+00:00,2025-05-11T12:00:00+00:00,2025-05-30T04:00:00+00:00,STOPPED,True,False,survivorship_suspect,RISK_ON,2025-05,0,-110.91893360632014,0.4174391348253973,0.9326789034571732,1.4551506654300248,-112.26905164460271,-1.0207639576955887,False,False
2024-07-01,85fdf755ccb2,TRXUSDT,2025-05-11T04:00:00+00:00,2025-05-11T12:00:00+00:00,,ENTERED,False,False,survivorship_suspect;other,RISK_ON,2025-05,0,0.0,0.687382739161047,0.0,0.8587990244391137,0.0,,False,False
2024-07-01,73b598cc85e4,FETUSDT,2025-05-11T16:00:00+00:00,2025-05-12T08:00:00+00:00,2025-05-18T04:00:00+00:00,STOPPED,True,False,capacity_distorted;survivorship_suspect,RISK_ON,2025-05,1,-110.92606255776057,0.25031882635549924,0.5148710033309875,0.8281285515841366,-111.69125238744707,-1.0115983006702927,False,False
2024-07-01,ed5b3cdac2e2,UNIUSDT,2025-05-23T00:00:00+00:00,2025-05-23T04:00:00+00:00,,ENTERED,False,False,capacity_distorted;survivorship_suspect;other,RISK_ON,2025-05,1,0.0,0.2667331559319174,0.0,0.3332498200048568,0.0,,False,False
2024-07-01,25feeff17407,BNBUSDT,2025-05-25T04:00:00+00:00,2025-05-26T00:00:00+00:00,,ENTERED,False,False,survivorship_suspect;other,RISK_ON,2025-05,0,0.0,1.0569739137999172,0.0,1.3205571136928427,0.0,,False,False
2025-06-01,c2f0322c2477,COMPUSDT,2025-06-05T00:00:00+00:00,2025-06-06T08:00:00+00:00,2025-06-10T12:00:00+00:00,CLOSED,True,False,survivorship_suspect,NEUTRAL,2025-06,0,93.09720922082633,0.1883852772965661,0.22562416098489663,0.2353639146633518,92.68319978254486,0.9246556919916197,False,False
2025-06-01,d735ec211c6d,TRBUSDT,2025-06-08T00:00:00+00:00,2025-06-08T20:00:00+00:00,2025-06-13T00:00:00+00:00,STOPPED,True,False,survivorship_suspect,RISK_ON,2025-06,0,-100.5803166201988,0.2572679496438908,0.5425895574895283,0.8645569151220507,-101.38017412733222,-1.0134249100639683,False,False
2025-06-01,19ae3c04b61f,UNIUSDT,2025-06-08T00:00:00+00:00,2025-06-08T20:00:00+00:00,2025-06-10T16:00:00+00:00,CLOSED,True,False,survivorship_suspect,RISK_ON,2025-06,0,270.295421442997,0.378892109191252,0.4870102777684508,0.47337844726543615,269.4295190560373,2.68936420818944,False,False
2025-06-01,358d9eaa616c,BTCUSDT,2025-06-08T00:00:00+00:00,2025-06-08T16:00:00+00:00,2025-06-22T20:00:00+00:00,STOPPED,True,False,survivorship_suspect,RISK_ON,2025-06,0,-101.91588028912776,0.5946271339720772,1.384651954641065,2.1289504538682475,-103.8951593777409,-1.03347580185515,False,False
2025-06-01,9483768b1332,WIFUSDT,2025-06-09T20:00:00+00:00,2025-06-10T00:00:00+00:00,2025-06-13T04:00:00+00:00,STOPPED,True,False,survivorship_suspect,NEUTRAL,2025-06,0,-102.46328900117243,0.1836823792880382,0.35674265921892306,0.5865879889729111,-103.0037140396794,-1.0087901115901599,False,False
2025-06-01,a5262bfb841c,AVAXUSDT,2025-06-10T00:00:00+00:00,2025-06-10T12:00:00+00:00,2025-06-13T04:00:00+00:00,STOPPED,True,False,capacity_distorted;survivorship_suspect,RISK_ON,2025-06,4,-105.10921842908023,0.313253290733751,0.6780240084052973,1.0700736390696368,-106.10049572821927,-1.0159913029134668,False,False
2025-06-01,406b9b56292f,FETUSDT,2025-06-10T04:00:00+00:00,2025-06-10T16:00:00+00:00,2025-06-13T00:00:00+00:00,STOPPED,True,False,capacity_distorted;survivorship_suspect,RISK_ON,2025-06,1,-105.02708175009303,0.44449087540596716,1.0062001067648247,1.5625432403731216,-106.47777273226383,-1.0236291219305553,False,False
2025-06-01,52761d28aafc,APTUSDT,2025-06-26T16:00:00+00:00,2025-06-26T20:00:00+00:00,2025-10-11T00:00:00+00:00,STOPPED,True,False,survivorship_suspect,NEUTRAL,2025-06,0,-98.95876348393207,0.17198515216848012,0.33100411693726817,0.5462094555986062,-99.46175275303783,-1.0084593579914563,False,False
2025-06-01,59911084abaf,WUSDT,2025-06-27T00:00:00+00:00,2025-06-28T04:00:00+00:00,2025-07-15T04:00:00+00:00,STOPPED,True,False,survivorship_suspect,NEUTRAL,2025-06,0,103.02724567261842,0.27059734492944776,0.7795206079962377,1.1183785512457958,101.97712771969273,1.0305087621198734,False,False
2025-06-01,7635f2f947a0,SEIUSDT,2025-06-27T16:00:00+00:00,2025-06-27T20:00:00+00:00,2025-07-14T00:00:00+00:00,STOPPED,True,False,survivorship_suspect,NEUTRAL,2025-06,0,88.19577035732163,0.28531352634385065,0.8014795862169481,1.158745544176858,87.10897724476084,0.8828038282520694,False,False
2025-06-01,65a098bf27d1,BTCUSDT,2025-06-28T00:00:00+00:00,2025-06-28T04:00:00+00:00,2025-07-11T08:00:00+00:00,CLOSED,True,False,survivorship_suspect,NEUTRAL,2025-06,0,316.6280005634837,1.3752275978612913,1.5018787980866848,1.7181754096216224,313.7508941675357,3.1271252777063667,False,False
2025-06-01,9e3dd22082e3,WIFUSDT,2025-06-28T20:00:00+00:00,2025-06-29T00:00:00+00:00,2025-07-11T08:00:00+00:00,STOPPED,True,False,capacity_distorted;survivorship_suspect,NEUTRAL,2025-06,1,111.07007478862168,0.3544386618386596,0.9971667293852706,1.4409918081209172,109.71846939739775,1.0981346975103838,False,False
2025-06-01,3c7506d62472,BONKUSDT,2025-07-10T08:00:00+00:00,2025-07-12T00:00:00+00:00,2025-07-15T08:00:00+00:00,CLOSED,True,False,survivorship_suspect,RISK_ON,2025-07,0,207.2738162571491,0.3131206643123931,0.39603019081525276,0.3912052277765875,206.56466540202146,1.9651094318984939,False,False
2025-06-01,4e8939005cb7,TONUSDT,2025-07-12T00:00:00+00:00,2025-07-12T04:00:00+00:00,2025-07-19T00:00:00+00:00,STOPPED,True,False,survivorship_suspect,RISK_ON,2025-07,0,69.81433230580717,0.499377670568082,1.318258508726012,1.943488219956388,67.99669612651307,0.64491078541414,False,False
2025-06-01,89e3dfd7ebc4,SHIBUSDT,2025-07-12T08:00:00+00:00,2025-07-14T00:00:00+00:00,2025-07-19T00:00:00+00:00,STOPPED,True,False,survivorship_suspect,RISK_ON,2025-07,0,67.650865751978,0.3592526287786783,0.9657824376986738,1.415590552176251,66.32583068550065,0.6238040578008137,False,False
2025-06-01,1c6cdec32245,LINKUSDT,2025-07-13T08:00:00+00:00,2025-07-15T04:00:00+00:00,2025-07-18T04:00:00+00:00,CLOSED,True,False,capacity_distorted;survivorship_suspect,RISK_ON,2025-07,1,265.9240855619617,0.5086150906662463,0.614984724891031,0.6354511377638044,264.80048574640443,2.485428000717861,False,False
2025-06-01,8b67bed4ad58,TAOUSDT,2025-07-15T04:00:00+00:00,2025-07-15T08:00:00+00:00,2025-07-30T12:00:00+00:00,STOPPED,True,False,capacity_distorted;survivorship_suspect,RISK_ON,2025-07,1,-107.62907778248464,0.41209105438581456,0.9225985581820518,1.4383784700496522,-108.96376739505251,-1.0211630189072078,False,False
2025-06-01,bd6762c4fc98,PEPEUSDT,2025-07-16T04:00:00+00:00,2025-07-19T00:00:00+00:00,2025-07-21T20:00:00+00:00,STOPPED,True,False,capacity_distorted;survivorship_suspect,RISK_ON,2025-07,1,58.20700905072773,0.38533391412029855,1.021541794351474,1.5039910380209478,56.800133342255954,0.5100002384385509,False,False
2025-06-01,d1b7b10a5ce7,UNIUSDT,2025-07-16T04:00:00+00:00,2025-07-18T04:00:00+00:00,2025-07-18T20:00:00+00:00,STOPPED,True,False,survivorship_suspect,RISK_ON,2025-07,0,-0.6356524846123278,0.25426099384492945,0.6350168321277114,0.9533198932141549,-1.5249303105849688,-0.013506807244676147,False,False
2025-06-01,e1a44237c91c,ADAUSDT,2025-07-18T16:00:00+00:00,2025-07-18T20:00:00+00:00,2025-08-02T00:00:00+00:00,STOPPED,True,False,survivorship_suspect,RISK_ON,2025-07,0,-112.54365164001737,0.3340698477493658,0.7226309677333972,1.1407329424319006,-113.60035245550013,-1.0159188911157748,False,False
2025-06-01,f747860a19b6,LINKUSDT,2025-07-18T20:00:00+00:00,2025-07-19T00:00:00+00:00,2025-08-12T00:00:00+00:00,STOPPED,True,False,capacity_distorted;survivorship_suspect,RISK_ON,2025-07,1,142.96074885303923,0.3173480991055728,0.9363309966169714,1.3337551453235277,141.7070697573167,1.2732568809300775,False,False
2025-06-01,7fd796d2bb4c,NEIROUSDT,2025-07-19T12:00:00+00:00,2025-07-22T00:00:00+00:00,2025-07-23T20:00:00+00:00,STOPPED,True,False,survivorship_suspect,RISK_ON,2025-07,0,-115.15137372406629,0.3638835342061954,0.7945574617914222,1.2499799188115537,-116.30981472006391,-1.017085185327937,False,False
2025-06-01,d05aa60793dd,BONKUSDT,2025-07-22T00:00:00+00:00,2025-07-24T12:00:00+00:00,2025-07-29T04:00:00+00:00,STOPPED,True,False,capacity_distorted;survivorship_suspect,RISK_ON,2025-07,1,-111.17345914168952,0.3371983315405386,0.7318223697096569,1.15384219542455,-112.24247984293972,-1.0163125758400502,False,False
2025-06-01,ad9955d450ef,BNBUSDT,2025-07-28T20:00:00+00:00,2025-07-29T04:00:00+00:00,2025-08-01T16:00:00+00:00,STOPPED,True,False,capacity_distorted;survivorship_suspect,RISK_ON,2025-07,2,-110.23261454782546,0.5365150951417883,1.2310551233066451,1.9025961252872556,-112.00018476627389,-1.0275215470261143,False,False
2025-06-01,d7cbc19cd537,MEMEUSDT,2025-08-01T04:00:00+00:00,2025-08-01T16:00:00+00:00,2025-08-06T00:00:00+00:00,STOPPED,True,False,survivorship_suspect,NEUTRAL,2025-08,0,-105.50920490819324,0.25141264624007753,0.5230224106920005,0.8376547100719631,-106.28363996512532,-1.0123634125512302,False,False
2025-06-01,2f40cd8bdba3,BCHUSDT,2025-08-05T12:00:00+00:00,2025-08-06T16:00:00+00:00,2025-10-11T00:00:00+00:00,STOPPED,True,False,survivorship_suspect,NEUTRAL,2025-08,0,-104.65989362067617,0.3653976863395299,0.8088343222281486,1.266162814694494,-105.83412562924386,-1.0191032374150522,False,False
2025-06-01,571b87ff4cd0,LTCUSDT,2025-08-05T20:00:00+00:00,2025-08-06T20:00:00+00:00,2025-09-22T08:00:00+00:00,STOPPED,True,False,survivorship_suspect,NEUTRAL,2025-08,0,-104.34067806717243,0.28440357034842495,0.6066682478038901,0.9626023228629474,-105.23174988532475,-1.0144442128064413,False,False
2025-06-01,f81d51c7dd9e,DOGEUSDT,2025-08-07T20:00:00+00:00,2025-08-08T00:00:00+00:00,2025-09-13T08:00:00+00:00,CLOSED,True,False,capacity_distorted;survivorship_suspect,NEUTRAL,2025-08,2,215.8026491944025,0.3141860582159686,0.4005071178937296,0.3925363046175877,215.0879560182928,2.048720657630062,False,False
2025-06-01,cccd73cb8cda,UNIUSDT,2025-08-11T08:00:00+00:00,2025-08-12T00:00:00+00:00,2025-08-14T08:00:00+00:00,STOPPED,True,False,capacity_distorted;survivorship_suspect,RISK_ON,2025-08,1,68.87836457386302,0.6231391590502843,1.6267262621995737,2.4068892982883767,66.62849915261316,0.6264297913859262,False,False
2025-06-01,aa0081958ccb,PENDLEUSDT,2025-08-12T04:00:00+00:00,2025-08-14T16:00:00+00:00,2025-08-19T16:00:00+00:00,STOPPED,True,False,capacity_distorted;survivorship_suspect,RISK_ON,2025-08,1,-108.80790356985679,0.5236892710301527,1.200415274005525,1.8559013374608262,-110.53200811489246,-1.0271891311021717,False,False
2025-06-01,6e4f4b4516ca,TRXUSDT,2025-08-19T08:00:00+00:00,2025-08-19T16:00:00+00:00,2025-08-25T00:00:00+00:00,STOPPED,True,False,survivorship_suspect,NEUTRAL,2025-08,0,117.36146281613246,1.4442988201365519,3.728108513157512,5.536311643037072,112.1890554828384,1.0603313008248163,False,False
2025-06-01,a3760cc7951d,BNBUSDT,2025-08-23T04:00:00+00:00,2025-08-25T00:00:00+00:00,2025-09-21T00:00:00+00:00,CLOSED,True,False,survivorship_suspect,RISK_ON,2025-08,0,257.81174483297343,0.5351562804893653,0.6382809784225546,0.668611045089029,256.6383075740615,2.3911219803393053,False,False
2025-06-01,95e0783b9b65,PYTHUSDT,2025-09-11T00:00:00+00:00,2025-09-13T20:00:00+00:00,2025-09-22T08:00:00+00:00,STOPPED,True,False,survivorship_suspect,NEUTRAL,2025-09,0,-110.8426018416252,0.36964065991161466,0.8132590479374114,1.2758930359904865,-112.02550154947423,-1.0181495913117145,False,False
2025-06-01,c3f209c66d9a,CAKEUSDT,2025-09-21T12:00:00+00:00,2025-09-21T16:00:00+00:00,2025-09-22T20:00:00+00:00,STOPPED,True,False,survivorship_suspect,RISK_ON,2025-09,0,-111.84771772290127,0.38334768006435915,0.8465214824379966,1.3263139788059797,-113.07758688540362,-1.0187137971628748,False,False
2025-06-01,130032d33d1d,SOLUSDT,2025-10-02T00:00:00+00:00,2025-10-02T04:00:00+00:00,2025-10-11T00:00:00+00:00,STOPPED,True,False,survivorship_suspect,RISK_ON,2025-10,0,-109.65020884426997,0.42909033697156196,0.9630756335846348,1.5001345470354046,-111.04237481482616,-1.0216789832762134,False,False
2025-06-01,37ab8907fa8d,LINKUSDT,2025-10-02T00:00:00+00:00,2025-10-02T04:00:00+00:00,2025-10-10T20:00:00+00:00,STOPPED,True,False,survivorship_suspect,RISK_ON,2025-10,0,-109.7820130794539,0.4668282459467686,1.0572886017874676,1.6415906343268123,-111.30612992718814,-1.0237525452219902,False,False
2025-06-01,65412d9c1e2d,PENGUUSDT,2025-10-02T04:00:00+00:00,2025-10-02T12:00:00+00:00,2025-10-11T00:00:00+00:00,STOPPED,True,False,survivorship_suspect,RISK_ON,2025-10,0,-109.11699160129135,0.2517965084531628,0.5203742795316157,0.8354835161020597,-109.88916238927612,-1.0119071127346209,False,False
2025-06-01,d5a79ba511f5,TRXUSDT,2026-01-16T00:00:00+00:00,2026-01-16T12:00:00+00:00,2026-01-24T16:00:00+00:00,STOPPED,True,False,survivorship_suspect,RISK_OFF,2026-01,0,-105.70205144434766,0.8687967105231952,2.06628972486364,3.153811244519702,-108.6371378797345,-1.0482800945912918,False,False
2025-06-01,6ad9c8a7a0b2,ETHUSDT,2026-01-16T04:00:00+00:00,2026-01-16T08:00:00+00:00,2026-01-20T16:00:00+00:00,STOPPED,True,False,survivorship_suspect,RISK_OFF,2026-01,0,-104.57997028680765,0.5576980255076989,1.2896650934824394,1.9877301943442047,-106.42733340579778,-1.0303838621338064,False,False
2025-06-01,dcce33069a45,SOLUSDT,2026-01-16T20:00:00+00:00,2026-01-17T00:00:00+00:00,2026-01-19T00:00:00+00:00,STOPPED,True,False,survivorship_suspect,RISK_OFF,2026-01,0,-105.78322614325477,0.8832654718257089,2.1023804534210178,3.208015013104004,-108.7688720685015,-1.049095222457869,False,False
2025-06-01,ef40cf742078,BNBUSDT,2026-01-16T20:00:00+00:00,2026-01-17T00:00:00+00:00,2026-01-19T04:00:00+00:00,STOPPED,True,False,survivorship_suspect,RISK_OFF,2026-01,0,-107.54786983858673,1.3593678794880075,3.2908718288814316,4.9925266639016455,-112.19810954695618,-1.076202623123639,False,False
2025-06-01,c6e31c67babf,DASHUSDT,2026-01-18T12:00:00+00:00,2026-01-19T04:00:00+00:00,2026-01-20T08:00:00+00:00,STOPPED,True,False,survivorship_suspect,RISK_ON,2026-01,0,-101.64927067437524,0.291043396911855,0.6259592216052622,0.9902082423349863,-102.56627329289236,-1.015279621878616,False,False
2025-06-01,58b113a27083,ROSEUSDT,2026-01-20T12:00:00+00:00,2026-01-21T00:00:00+00:00,2026-02-06T04:00:00+00:00,STOPPED,True,False,survivorship_suspect,RISK_ON,2026-01,0,-97.86956715943008,0.13605650837419073,0.24227170377604668,0.41249986064044414,-98.24789537158031,-1.006359327783014,False,False
2025-06-01,d62f444e276d,TRXUSDT,2026-04-15T00:00:00+00:00,2026-04-15T16:00:00+00:00,2026-05-09T08:00:00+00:00,CLOSED,True,False,survivorship_suspect,NEUTRAL,2026-04,0,174.8747752643105,0.9278266531208401,0.9977765632265645,1.1592037145436789,172.9491720479631,1.776511131823344,False,False
2025-06-01,fa7c46530a00,BNBUSDT,2026-04-15T04:00:00+00:00,2026-04-15T12:00:00+00:00,2026-05-15T16:00:00+00:00,STOPPED,True,False,survivorship_suspect,NEUTRAL,2026-04,0,128.20947820420653,0.6051215884563043,1.641013449344967,2.398680079034016,125.96334316640527,1.2988615461140622,False,False
2025-06-01,a925e8a72fbd,AVAXUSDT,2026-04-15T12:00:00+00:00,2026-04-15T20:00:00+00:00,2026-05-28T08:00:00+00:00,STOPPED,True,False,survivorship_suspect,NEUTRAL,2026-04,0,-98.11173696392918,0.4940758557947117,1.1370779025228501,1.7555022952963504,-99.74289072224674,-1.0285580007080206,False,False
2025-06-01,6e420b8ec4ed,LINKUSDT,2026-04-15T16:00:00+00:00,2026-04-15T20:00:00+00:00,2026-05-08T04:00:00+00:00,STOPPED,True,False,survivorship_suspect,NEUTRAL,2026-04,0,59.33958148494271,0.47261681932495186,1.2408816297973224,1.8325995398139407,57.626083035820436,0.5944780340514554,False,False
2025-06-01,e4b6f9e14acf,ETHUSDT,2026-04-16T00:00:00+00:00,2026-04-16T20:00:00+00:00,2026-05-18T00:00:00+00:00,STOPPED,True,False,capacity_distorted;survivorship_suspect,RISK_ON,2026-04,1,-98.862531941433,0.42441054831885067,0.9621638388556938,1.4933750271894333,-100.24910632860755,-1.0240011811469278,False,False
2025-06-01,da57110a3f3a,PEPEUSDT,2026-05-08T04:00:00+00:00,2026-05-08T12:00:00+00:00,2026-05-11T04:00:00+00:00,STOPPED,True,False,survivorship_suspect,NEUTRAL,2026-05,0,28.80408420871004,0.6892754812522298,1.7519927873392844,2.6149103035535357,26.362815940118526,0.26521172882045624,False,False
2025-06-01,6a57790625d6,TAOUSDT,2026-05-08T16:00:00+00:00,2026-05-09T08:00:00+00:00,2026-05-16T08:00:00+00:00,STOPPED,True,False,survivorship_suspect,NEUTRAL,2026-05,0,-101.19969633688622,0.34506562254361256,0.7614643600221452,1.1933430565532963,-102.30622631945198,-1.0186061693292447,False,False
2025-06-01,2c8672e91c12,TRXUSDT,2026-05-10T04:00:00+00:00,2026-05-11T12:00:00+00:00,2026-05-27T16:00:00+00:00,STOPPED,True,False,survivorship_suspect,RISK_ON,2026-05,0,150.33948927842138,1.1169811245048302,2.942792300540497,4.341266679889247,146.27971585337605,1.4349881428572402,False,False
