window_start,trade_id,replay_trade_id,symbol,created_at_utc,entered_at_utc,closed_at_utc,status,regime,capacity_group,capacity_blocked_candidates_same_decision,entry_price_filled,stop_loss,risk_usdt,hold_bars,hold_hours,hold_bucket,bars_observed,mae_r,mfe_r,mae_pct,mfe_pct,time_to_mae_bars,time_to_mfe_bars,time_to_mae_hours,time_to_mfe_hours,mae_at_utc,mfe_at_utc,early_6bar_mae_r,early_6bar_mfe_r,early_6bar_time_to_mae_bars,realized_net_r,net_pnl,gross_pnl,tp1_level_r,tp2_level_r,path_label,entry_quality_like,exit_protection_like
2024-07-01,fa82625dbfce,19a47d8934ca,PEPEUSDT,2024-07-24T00:00:00+00:00,2024-07-24T12:00:00+00:00,2024-07-25T16:00:00+00:00,STOPPED,NEUTRAL,non_capacity,0,1.2566279999999999e-05,1.1386599999999999e-05,100.53519686381446,7,28,<=3d,8,-1.2259934897599336,0.49481215244812193,-11.50921354609319,4.645129664467129,8,1,28.0,0.0,2024-07-25T16:00:00+00:00,2024-07-24T12:00:00+00:00,-0.8445341109453406,0.49481215244812193,5,-1.02355581632307,-102.90338549514216,-101.50559059144351,1.3601374405138544,2.1468499206851392,entry_quality_like,True,False
2024-07-01,0a1b59b44483,f9c39956ab9c,XRPUSDT,2024-07-24T16:00:00+00:00,2024-07-25T00:00:00+00:00,2024-08-02T08:00:00+00:00,STOPPED,NEUTRAL,non_capacity,0,0.61820895,0.5635185,100.26702315359812,50,200,>7d,51,-1.1137035807896996,0.7385393610767514,-9.852485959641955,6.5335595675216185,50,37,196.0,144.0,2024-08-02T04:00:00+00:00,2024-07-31T00:00:00+00:00,-0.6181874532025241,0.19731141360146123,6,-1.0251187741461265,-102.78560786249778,-101.3001527491122,1.5531700594964046,2.404226745995206,entry_quality_like,True,False
2024-07-01,7c7b3fca1a51,d173e844f11a,JTOUSDT,2024-07-30T00:00:00+00:00,2024-07-30T04:00:00+00:00,2024-07-31T16:00:00+00:00,STOPPED,NEUTRAL,non_capacity,0,3.183591,2.97076,99.38285933446494,9,36,<=3d,10,-1.1962120179861018,0.8147732238254783,-7.996975742172907,5.446962251118315,9,7,32.0,24.0,2024-07-31T12:00:00+00:00,2024-07-31T04:00:00+00:00,-0.5760016163058949,0.2885340951271209,5,-1.0338859735658816,-102.75054427877436,-100.77007559147859,1.1884812309744262,1.9179749746325683,entry_quality_like,True,False
2024-07-01,1c037c744704,740062f335c1,LTCUSDT,2024-07-30T00:00:00+00:00,2024-07-30T04:00:00+00:00,2024-08-01T16:00:00+00:00,STOPPED,NEUTRAL,non_capacity,0,73.97697,69.21594999999999,99.39839831632332,15,60,<=3d,16,-1.688077344770657,0.019539930519090195,-10.864151370352149,0.12575535332144394,16,2,60.0,4.0,2024-08-01T16:00:00+00:00,2024-07-30T08:00:00+00:00,-0.6084767549810743,0.019539930519090195,5,-1.0352767835568848,-102.90485409962929,-100.84345726754444,1.5106658744929626,2.3475544993239503,entry_quality_like,True,False
2024-07-01,b3ccfea1e1dd,67e89e1eb66b,RUNEUSDT,2024-07-30T00:00:00+00:00,2024-07-30T04:00:00+00:00,2024-07-31T20:00:00+00:00,STOPPED,NEUTRAL,non_capacity,0,4.7993985,4.409845000000001,99.22358377641928,10,40,<=3d,11,-1.4385662046419843,0.019513365943319018,-11.676431952879096,0.15838443088234122,11,1,40.0,0.0,2024-07-31T20:00:00+00:00,2024-07-30T04:00:00+00:00,-0.7326297928269164,0.019513365943319018,5,-1.0275572920150882,-101.95791704932962,-100.3468200579531,1.3341970735089996,2.112262764678666,entry_quality_like,True,False
2024-07-01,dc39300abc97,9ebb5714f8cc,CRVUSDT,2024-08-02T04:00:00+00:00,2024-08-02T12:00:00+00:00,2024-08-04T00:00:00+00:00,STOPPED,NEUTRAL,non_capacity,0,0.2859429,0.2467425,95.2140675093618,9,36,<=3d,10,-1.0163901388761336,0.13155733104764303,-13.93386581726631,1.8035418959519545,9,4,32.0,12.0,2024-08-03T20:00:00+00:00,2024-08-03T00:00:00+00:00,-0.628638993479659,0.13155733104764303,1,-1.015500235137907,-96.68990794419345,-95.81338172688073,1.4194730881160609,2.2259641174880804,entry_quality_like,True,False
2024-07-01,e351b9d07274,e7f1ae08585e,BTCUSDT,2024-09-23T00:00:00+00:00,2024-09-23T04:00:00+00:00,2024-09-30T04:00:00+00:00,STOPPED,NEUTRAL,non_capacity,0,64386.176999999996,61414.75,94.92803489808583,42,168,3-7d,43,-0.577559872748009,0.7107100393178115,-2.6654432363642178,3.2799322749042847,18,27,68.0,104.0,2024-09-26T00:00:00+00:00,2024-09-27T12:00:00+00:00,-0.5674637135625402,0.023205348810521487,6,0.30261576551769875,28.726719949775067,31.638076949684823,0.6575611300247306,1.5506010316734136,other_or_inconclusive,False,False
2024-07-01,2564e97e1ab3,ea18fb4dadf2,AVAXUSDT,2024-09-23T04:00:00+00:00,2024-09-23T08:00:00+00:00,2024-09-28T12:00:00+00:00,STOPPED,NEUTRAL,non_capacity,0,27.67383,26.05325,94.4302056713009,31,124,3-7d,32,-0.5145256636512846,1.959897073887128,-3.0130632442274874,11.477160913397256,5,26,16.0,100.0,2024-09-24T00:00:00+00:00,2024-09-27T12:00:00+00:00,-0.5145256636512846,0.040831060484517644,5,0.8194651037907368,77.38225829141321,79.71952983476021,1.253588492320628,2.004784656427504,other_or_inconclusive,False,False
2024-07-01,6524eac83ccb,77e6a1eb1b1e,ORDIUSDT,2024-09-23T04:00:00+00:00,2024-09-24T20:00:00+00:00,2024-09-27T08:00:00+00:00,CLOSED,NEUTRAL,capacity_contested,1,35.53776,31.687450000000002,95.28341658293762,15,60,<=3d,16,-0.18901335217164256,1.7926452675239148,-2.047849948899416,19.422270846558696,8,15,28.0,56.0,2024-09-26T00:00:00+00:00,2024-09-27T04:00:00+00:00,-0.03837613075310773,0.488854144211766,1,1.7743938923429996,169.0703124263382,169.841809994113,1.0868680727848183,1.78249076371309,other_or_inconclusive,False,False
2024-07-01,5643ede98600,9ebf7e49a059,ARBUSDT,2024-09-23T08:00:00+00:00,2024-09-23T16:00:00+00:00,2024-09-28T12:00:00+00:00,STOPPED,NEUTRAL,non_capacity,0,0.60400185,0.555146,94.1524442231371,29,116,3-7d,30,-0.39507755980092424,1.5698867177625635,-3.195660741767592,12.698330311405503,6,26,20.0,100.0,2024-09-24T12:00:00+00:00,2024-09-27T20:00:00+00:00,-0.39507755980092424,0.10639769853559032,6,0.5841110706436093,54.995484998889324,56.681767944377754,1.5199957620732183,2.359994349430958,other_or_inconclusive,False,False
2024-07-01,0d2d21e90604,757b8b3c0e23,SUIUSDT,2024-09-23T12:00:00+00:00,2024-09-23T16:00:00+00:00,2024-09-27T00:00:00+00:00,STOPPED,NEUTRAL,non_capacity,0,1.54947435,1.399685,94.06577144348654,20,80,3-7d,21,-0.37635753142663253,1.6251198766801533,-3.63828868803151,15.710208432943729,4,8,12.0,28.0,2024-09-24T04:00:00+00:00,2024-09-24T20:00:00+00:00,-0.37635753142663253,0.45681251704477044,4,0.7215370883031861,67.87194283632627,69.30351610051304,1.284223993149758,2.045631990866344,other_or_inconclusive,False,False
2024-07-01,eafd30229d85,05d98d83c6b8,XRPUSDT,2024-09-26T08:00:00+00:00,2024-09-27T00:00:00+00:00,2024-09-29T16:00:00+00:00,CLOSED,NEUTRAL,non_capacity,0,0.59079525,0.5652915,97.98794467359984,16,64,<=3d,17,-0.32917708180169386,2.9056413272557924,-1.4210083781140748,12.543220345796623,1,16,0.0,60.0,2024-09-27T00:00:00+00:00,2024-09-29T12:00:00+00:00,-0.32917708180169386,0.25112973582316117,1,2.7938045438764947,273.7591650742218,275.68535451539924,1.8142890136080043,2.8134619563020093,other_or_inconclusive,False,False
2024-07-01,6fb30b75c0bd,e9a05c3d670d,APTUSDT,2024-09-26T12:00:00+00:00,2024-09-27T08:00:00+00:00,2024-10-01T00:00:00+00:00,STOPPED,NEUTRAL,capacity_contested,2,8.254125,7.57465,98.85446820923256,22,88,3-7d,23,-1.006843518893263,0.49431546414511157,-8.288280102373058,4.069177532445889,22,4,84.0,12.0,2024-09-30T20:00:00+00:00,2024-09-27T20:00:00+00:00,-0.2856985172375726,0.49431546414511157,1,-1.027143567239412,-101.5377311139862,-99.95647784552679,1.5602011243964191,2.4136014991952255,other_or_inconclusive,False,False
2024-07-01,04da8df589c8,e60744e00034,BNBUSDT,2024-09-26T16:00:00+00:00,2024-09-28T12:00:00+00:00,2024-09-30T12:00:00+00:00,STOPPED,NEUTRAL,non_capacity,0,602.5011000000001,572.088,99.83662641357822,12,48,<=3d,13,-1.052214341846111,0.022980228914513096,-5.31137619499783,0.11599978821614787,12,1,44.0,0.0,2024-09-30T08:00:00+00:00,2024-09-28T12:00:00+00:00,-0.33212990454771313,0.022980228914513096,6,-1.0455265774288056,-104.38184631622671,-101.71461109556367,1.6004913107296628,2.4673217476395504,other_or_inconclusive,False,False
2024-07-01,e3e13edbbb64,5b3569303f7d,ETHUSDT,2024-09-26T20:00:00+00:00,2024-09-29T16:00:00+00:00,2024-10-01T16:00:00+00:00,STOPPED,NEUTRAL,capacity_contested,1,2667.71319,2515.73925,101.10608839022107,12,48,<=3d,13,-1.5750936640847768,0.03748543993792567,-8.972973215310297,0.21354656944960748,13,2,48.0,4.0,2024-10-01T16:00:00+00:00,2024-09-29T20:00:00+00:00,-0.49543487521610574,0.03748543993792567,5,-1.0401124563642294,-105.16170194893175,-102.7797737271759,1.3721949441618768,2.1629265922158356,other_or_inconclusive,False,False
2024-07-01,368290d61c8d,ba377adfde3f,SOLUSDT,2024-09-28T00:00:00+00:00,2024-09-28T12:00:00+00:00,2024-10-01T20:00:00+00:00,STOPPED,NEUTRAL,non_capacity,0,157.248585,144.37144999999998,99.46614838229429,20,80,3-7d,21,-1.1616392155553226,0.35189620983238945,-9.512699271665948,2.8816888876933344,21,9,80.0,32.0,2024-10-01T20:00:00+00:00,2024-09-29T20:00:00+00:00,-0.16762929021090378,0.09951087722540836,6,-1.027296286211956,-102.18120483693826,-100.5813088638662,1.4866814125974956,2.315575216796661,other_or_inconclusive,False,False
2024-07-01,9f3965134c32,3a41a8af139f,WIFUSDT,2024-09-29T08:00:00+00:00,2024-10-01T16:00:00+00:00,2024-10-03T12:00:00+00:00,STOPPED,NEUTRAL,non_capacity,0,2.4001995,2.0685000000000002,96.37018141926356,11,44,<=3d,12,-1.2668077582269504,0.285802360268859,-17.506857242491712,3.949692515143033,12,4,44.0,12.0,2024-10-03T12:00:00+00:00,2024-10-02T04:00:00+00:00,-0.75128090334776,0.285802360268859,1,-1.0153603225208359,-97.85045848725491,-96.97115223853145,0.8565446701625541,1.4753928935500722,entry_quality_like,True,False
2024-07-01,9cf95ab0cb56,8e5b4da0485b,PEOPLEUSDT,2024-09-29T20:00:00+00:00,2024-10-01T04:00:00+00:00,2024-10-01T20:00:00+00:00,STOPPED,NEUTRAL,non_capacity,0,0.082331145,0.07082150000000001,98.47413019823524,4,16,<=3d,5,-1.4536629930810212,0.10155439199037085,-20.321768876164647,1.419699677442865,5,1,16.0,0.0,2024-10-01T20:00:00+00:00,2024-10-01T04:00:00+00:00,-1.4536629930810212,0.10155439199037085,5,-1.0151616002491821,-99.96715559518681,-99.08006423111239,1.133994808556959,1.8453264114092789,entry_quality_like,True,False
2024-07-01,3fbd8560fb27,5f4c9a167f9c,BONKUSDT,2024-10-01T00:00:00+00:00,2024-10-01T04:00:00+00:00,2024-10-02T20:00:00+00:00,STOPPED,NEUTRAL,non_capacity,0,2.5122554999999996e-05,2.148285e-05,98.46787793075109,10,40,<=3d,11,-1.2645406701916782,0.29877284010654903,-18.32040968762929,4.328560530567072,10,3,36.0,8.0,2024-10-02T16:00:00+00:00,2024-10-01T12:00:00+00:00,-0.9513284730493271,0.29877284010654903,4,-1.0145597621647906,-99.90154681429445,-99.04907081627465,0.7494559947385923,1.3326079929847896,entry_quality_like,True,False
2024-07-01,769441e1bd86,a633d389b054,TRXUSDT,2024-10-01T04:00:00+00:00,2024-10-03T20:00:00+00:00,2024-10-26T00:00:00+00:00,STOPPED,NEUTRAL,non_capacity,0,0.1566783,0.151493,94.94198018856535,133,532,>7d,134,-0.6900854338225322,1.9519989200239145,-2.283851688459715,6.46017987174996,14,131,52.0,520.0,2024-10-06T00:00:00+00:00,2024-10-25T12:00:00+00:00,-0.07295624168321944,0.2163230671320854,3,1.1510022714303452,109.27843485113355,113.40809799250046,1.5975030301001794,2.8700375601137074,other_or_inconclusive,False,False
2024-07-01,a6e64f41dbc7,c0bfa4fa6f00,TIAUSDT,2024-10-12T00:00:00+00:00,2024-10-12T08:00:00+00:00,2024-10-30T16:00:00+00:00,STOPPED,NEUTRAL,non_capacity,0,5.4737355,4.612755,94.75764803481674,110,440,>7d,111,-1.0124915721087755,1.2117167578127497,-15.925787791536505,19.05946131302838,111,14,440.0,52.0,2024-10-30T16:00:00+00:00,2024-10-14T12:00:00+00:00,-0.15184490241068188,0.8377245477685036,3,-1.0132527873105142,-96.01345099026672,-95.26531785400643,1.549948721686613,2.3999316289154837,exit_protection_like,False,True
2024-07-01,a4386e8a12ae,6d71b1fa07b2,BTCUSDT,2024-10-12T00:00:00+00:00,2024-10-12T08:00:00+00:00,2024-10-31T16:00:00+00:00,STOPPED,NEUTRAL,non_capacity,0,62798.953785,58061.81,95.08108081460966,116,464,>7d,117,-0.1581023965055766,2.2843229393342126,-1.1926214369177734,17.23144346010541,8,105,28.0,416.0,2024-10-13T12:00:00+00:00,2024-10-29T16:00:00+00:00,-0.030407306921124914,0.14376726692495825,5,1.7481558407297089,166.21654676895335,168.14934370184935,1.714369262346664,2.6191590164622167,other_or_inconclusive,False,False
2024-07-01,4b57406fafc7,999f54f1ac78,BNBUSDT,2024-10-12T00:00:00+00:00,2024-10-12T04:00:00+00:00,2024-11-11T00:00:00+00:00,STOPPED,NEUTRAL,non_capacity,0,576.8883,543.2275,94.88106621604724,179,716,>7d,180,-0.9889337151820498,1.9997058893430963,-5.770319834879634,11.668064684272528,143,176,568.0,700.0,2024-11-04T20:00:00+00:00,2024-11-10T08:00:00+00:00,-0.12145581804354039,0.06867632379504016,6,1.1342370966034716,107.61762506753116,110.00416715976068,1.6403699094537787,2.520493212605038,other_or_inconclusive,False,False
2024-07-01,7e9be4d8ddf4,a3376bad2575,SOLUSDT,2024-10-12T04:00:00+00:00,2024-10-13T08:00:00+00:00,2024-10-23T08:00:00+00:00,STOPPED,NEUTRAL,capacity_contested,2,146.49320999999998,133.4872,95.60625451805412,60,240,>7d,61,-0.15709737267616983,1.9427011051044911,-1.3947472377729864,17.24775503246876,2,48,4.0,188.0,2024-10-13T12:00:00+00:00,2024-10-21T04:00:00+00:00,-0.15709737267616983,0.5387347849186673,2,1.3604103034917256,130.06373372461317,131.70304240230234,1.6364702610724362,2.515293681429915,other_or_inconclusive,False,False
2024-07-01,2be3759c8104,026e91527070,ADAUSDT,2024-10-22T16:00:00+00:00,2024-10-23T08:00:00+00:00,2024-10-23T20:00:00+00:00,STOPPED,RISK_ON,non_capacity,0,0.3649824,0.34297700000000003,97.78135862663216,3,12,<=3d,4,-1.0307651758204823,0.1416743163041801,-6.214655829979742,0.8541781740708521,3,1,8.0,0.0,2024-10-23T16:00:00+00:00,2024-10-23T08:00:00+00:00,-1.0307651758204823,0.1416743163041801,3,-1.037790905096023,-101.4766046706514,-99.30538259518936,1.6211556368838045,2.4948741825117393,entry_quality_like,True,False
2024-07-01,aa35059e9881,56ba3d406d23,RAYUSDT,2024-10-23T08:00:00+00:00,2024-10-23T20:00:00+00:00,2024-10-28T00:00:00+00:00,CLOSED,RISK_ON,capacity_contested,3,2.6083035,2.14927,95.9939343578175,25,100,3-7d,26,-0.048587957088099314,2.1996139715293115,-0.8550960423125642,38.710851708783125,1,25,0.0,96.0,2024-10-23T20:00:00+00:00,2024-10-27T20:00:00+00:00,-0.048587957088099314,0.7661673930116215,1,2.165228077996826,207.84876198893065,208.36847197864645,1.3779815493494054,2.1706420657992074,other_or_inconclusive,False,False
2024-07-01,37d35df1acb1,bee5dce55b5a,SOLUSDT,2024-10-23T16:00:00+00:00,2024-10-26T12:00:00+00:00,2024-11-05T00:00:00+00:00,STOPPED,RISK_ON,non_capacity,0,168.73432499999998,156.9105,97.32084873710791,57,228,>7d,58,-1.1522772875951737,1.2386579638991653,-8.07442409835697,8.679724768508134,57,20,224.0,76.0,2024-11-04T20:00:00+00:00,2024-10-29T16:00:00+00:00,-0.12722828695451752,0.574744213484218,1,-1.0322364226043612,-100.45812474521243,-98.61236506416493,1.4864184411313426,2.3152245881751234,exit_protection_like,False,True
2024-07-01,17d559ebe752,1e5a5485b6a3,BOMEUSDT,2024-10-29T04:00:00+00:00,2024-10-29T12:00:00+00:00,2024-11-01T08:00:00+00:00,STOPPED,NEUTRAL,non_capacity,0,0.0088874415,0.007836659999999999,100.47229713301022,17,68,<=3d,18,-1.130055582440306,0.5572600012466923,-13.360892445818063,6.588605955943572,17,2,64.0,4.0,2024-11-01T04:00:00+00:00,2024-10-29T16:00:00+00:00,-0.29258366273102276,0.5572600012466923,6,-1.0182915857768715,-102.31009477421799,-101.22161298226179,1.8102691186076114,2.747025491476815,other_or_inconclusive,False,False
2024-07-01,9d7cbcd96cd5,73d150d45b00,RAYUSDT,2024-10-30T00:00:00+00:00,2024-11-01T16:00:00+00:00,2024-11-07T00:00:00+00:00,CLOSED,NEUTRAL,non_capacity,0,3.3186585,2.9244649999999996,96.09587746610974,32,128,3-7d,33,-0.5318669638134569,3.7325361782982163,-6.317567776256583,44.335429511653565,13,33,48.0,128.0,2024-11-03T16:00:00+00:00,2024-11-07T00:00:00+00:00,-0.2223742907988087,0.8532395891865269,1,2.488394445360274,239.12444770868902,239.86760867236288,1.6220959862999116,2.496127981733215,other_or_inconclusive,False,False
2024-07-01,ab7f41525506,7bb28571a2ef,LTCUSDT,2024-10-30T00:00:00+00:00,2024-10-30T16:00:00+00:00,2024-11-03T16:00:00+00:00,STOPPED,NEUTRAL,capacity_contested,2,72.31613999999999,66.98,99.33674854865195,24,96,3-7d,25,-1.3185823460403976,0.030707590130696405,-9.729695196673926,0.22658842133997936,24,1,92.0,0.0,2024-11-03T12:00:00+00:00,2024-10-30T16:00:00+00:00,-0.488394232535129,0.030707590130696405,6,-1.030512594497146,-102.36777047578194,-100.58363776403776,1.7833425651173274,2.7111234201564365,other_or_inconclusive,False,False
2024-07-01,7d3edf14c340,8be562d5a196,ARKMUSDT,2024-11-04T00:00:00+00:00,2024-11-04T04:00:00+00:00,2024-11-08T00:00:00+00:00,CLOSED,NEUTRAL,non_capacity,0,1.6718355,1.423325,95.2661389804514,23,92,3-7d,24,-0.3936875906651829,2.7892765094432628,-5.851981250547677,41.4612861133766,5,23,16.0,88.0,2024-11-04T20:00:00+00:00,2024-11-07T20:00:00+00:00,-0.3936875906651829,0.016757843229963737,5,2.5147861784569434,239.57396958299745,240.1827592539119,1.640882441214479,2.5211765882859742,other_or_inconclusive,False,False
2024-07-01,13a039e9251b,3cde981491e2,BTCUSDT,2024-11-04T04:00:00+00:00,2024-11-05T08:00:00+00:00,2024-11-07T00:00:00+00:00,CLOSED,NEUTRAL,non_capacity,0,68928.436995,66466.54905,95.58502272199166,10,40,<=3d,11,-0.12727102207732546,3.03489158398719,-0.45456854769929667,10.839594412306175,1,10,0.0,36.0,2024-11-05T08:00:00+00:00,2024-11-06T20:00:00+00:00,-0.12727102207732546,2.6315832197634905,1,2.9228052319544586,279.37640450832305,281.630023568583,1.7562060100180565,2.9463823468212365,other_or_inconclusive,False,False
2024-07-01,da673ef78ae6,7e8b0b60f487,WLDUSDT,2024-11-07T16:00:00+00:00,2024-11-07T20:00:00+00:00,2024-11-13T04:00:00+00:00,STOPPED,NEUTRAL,non_capacity,0,1.9879935,1.565165,102.87700859096631,32,128,3-7d,33,-0.3547383868400542,2.05285712765341,-7.544969337173379,43.662441552248524,6,26,20.0,100.0,2024-11-08T16:00:00+00:00,2024-11-12T00:00:00+00:00,-0.3547383868400542,0.09461637519703626,6,0.7637126091115073,78.56846864859384,79.32496261502388,1.8920195963674864,2.8560261284899817,other_or_inconclusive,False,False
2024-07-01,3d8a621478da,b927586b6389,APEUSDT,2024-11-07T20:00:00+00:00,2024-11-08T00:00:00+00:00,2024-11-24T16:00:00+00:00,STOPPED,NEUTRAL,non_capacity,0,1.062531,0.853995,103.07279336011472,100,400,>7d,101,-0.3190384394061453,1.8196810143092808,-6.2615584862935725,35.713687412414316,5,98,16.0,388.0,2024-11-08T16:00:00+00:00,2024-11-24T04:00:00+00:00,-0.3190384394061453,0.06458836843518712,5,0.849289016522409,87.5385913030293,88.36219947193771,1.6952431291281849,2.593657505504246,other_or_inconclusive,False,False
2024-07-01,dd62bb2641c3,64b7fc6a0314,SHIBUSDT,2024-11-08T00:00:00+00:00,2024-11-08T08:00:00+00:00,2024-11-10T16:00:00+00:00,CLOSED,RISK_ON,non_capacity,0,1.9219605e-05,1.659725e-05,102.9120664218198,14,56,<=3d,15,-0.3125454028916753,3.371166375261934,-4.264421667354757,45.99675695728398,3,15,8.0,56.0,2024-11-08T16:00:00+00:00,2024-11-10T16:00:00+00:00,-0.3125454028916753,0.007777360426029411,3,2.262762728077758,232.86558816875643,233.56241862977765,1.452150389773853,2.2695338530318043,other_or_inconclusive,False,False
2024-07-01,d3f90bbc71a7,38a229f383d0,SUIUSDT,2024-11-08T08:00:00+00:00,2024-11-08T12:00:00+00:00,2024-11-12T12:00:00+00:00,STOPPED,RISK_ON,capacity_contested,1,2.30064975,1.88923,102.69062038664077,24,96,3-7d,25,-0.23394538059973963,2.463056890195477,-4.183589874990734,44.04626345231386,2,19,4.0,72.0,2024-11-08T16:00:00+00:00,2024-11-11T12:00:00+00:00,-0.23394538059973963,0.12724291918411887,2,1.5266980093649327,156.77756572473444,157.7392459827075,1.6250649802343717,2.5000866403124955,other_or_inconclusive,False,False
2024-07-01,3c6ccfc5d935,0c6eca644a27,OGUSDT,2024-11-08T08:00:00+00:00,2024-11-10T20:00:00+00:00,2024-11-13T04:00:00+00:00,STOPPED,RISK_ON,non_capacity,0,6.489242999999999,5.388935,108.70723862992511,14,56,<=3d,15,-1.3616578267176105,0.0006879891812119947,-23.088101339401213,0.011665459283949353,15,1,56.0,0.0,2024-11-13T04:00:00+00:00,2024-11-10T20:00:00+00:00,-0.43464466313068656,0.0006879891812119947,5,-1.0121494874753252,-110.02797586413658,-109.23964977571899,1.1998986997573984,1.933198266343198,other_or_inconclusive,False,False
2024-07-01,eb0e28ef98c0,98871c98322a,UNIUSDT,2024-11-10T20:00:00+00:00,2024-11-11T00:00:00+00:00,2024-11-12T12:00:00+00:00,STOPPED,RISK_ON,non_capacity,0,9.216605999999999,8.393185,108.283630509297,9,36,<=3d,10,-0.589742063901698,1.879225815226967,-5.26881587430339,16.78919550211868,10,7,36.0,24.0,2024-11-12T12:00:00+00:00,2024-11-12T00:00:00+00:00,-0.5569520330426365,0.3563110486616224,2,-0.026852166502919883,-2.9076500759762984,-1.2120258757717524,1.5868115967674858,2.4490821290233145,mixed_entry_and_exit_like,True,True
2024-07-01,42674f7ad96b,a370752b1382,RUNEUSDT,2024-11-11T00:00:00+00:00,2024-11-13T16:00:00+00:00,2024-11-15T08:00:00+00:00,STOPPED,RISK_ON,capacity_contested,2,6.031013999999999,5.256945,109.69855630579197,10,40,<=3d,11,-1.0787332912182253,0.027111278193546882,-13.845333471286903,0.3479680199714341,10,1,36.0,0.0,2024-11-15T04:00:00+00:00,2024-11-13T16:00:00+00:00,-0.8642821247201473,0.027111278193546882,6,-1.0166923603128406,-111.52968413344668,-110.44355355678506,0.8791775275669432,1.5055700367559242,entry_quality_like,True,False
2024-07-01,e30f07641f60,f984a9967bed,ETHUSDT,2024-11-12T12:00:00+00:00,2024-11-12T16:00:00+00:00,2024-12-06T00:00:00+00:00,STOPPED,RISK_ON,non_capacity,0,3263.280825,2945.7212999999997,107.71208193023791,140,560,>7d,141,-0.7834147786938519,2.1813837106602296,-7.623641308896545,21.227691153426864,18,138,68.0,548.0,2024-11-15T12:00:00+00:00,2024-12-05T12:00:00+00:00,-0.46161684175588724,0.20547069088858333,4,1.5464524801568815,166.57161624387766,168.28951344179146,1.6238718437976676,2.4984957917302233,other_or_inconclusive,False,False
2024-07-01,2e794bbdd02c,3c3f30df9a12,PEPEUSDT,2024-11-12T16:00:00+00:00,2024-11-12T20:00:00+00:00,2024-11-13T16:00:00+00:00,CLOSED,RISK_ON,capacity_contested,1,1.3616805e-05,1.037205e-05,107.76963354201304,5,20,<=3d,6,-0.347269670591462,2.7192176296823636,-8.275105650701464,64.79636742980455,3,6,8.0,20.0,2024-11-13T04:00:00+00:00,2024-11-13T16:00:00+00:00,-0.347269670591462,2.7192176296823636,3,1.7264446994423357,186.05831258945136,186.49471975660327,1.0478706080774136,1.7304941441032178,other_or_inconclusive,False,False
2024-07-01,a2ddd19329c8,55bc9a2d8f48,TRXUSDT,2024-11-13T04:00:00+00:00,2024-11-13T08:00:00+00:00,2024-11-20T00:00:00+00:00,STOPPED,RISK_ON,non_capacity,0,0.17788890000000002,0.159373,106.72398305180958,40,160,3-7d,41,-0.18842724361224739,1.566820948482112,-1.9612803272154755,16.30854988703623,4,33,12.0,128.0,2024-11-13T20:00:00+00:00,2024-11-18T16:00:00+00:00,-0.18842724361224739,0.27063766816627777,4,1.1430790022023032,121.99394405791801,123.55296690358456,1.304953346817204,2.0732711290896058,other_or_inconclusive,False,False
2024-07-01,69a1fa9b66af,895035586833,NEARUSDT,2024-11-13T12:00:00+00:00,2024-11-13T16:00:00+00:00,2024-11-24T16:00:00+00:00,STOPPED,RISK_ON,capacity_contested,2,5.500749,4.370445,109.54263599633288,66,264,>7d,67,-0.47841023299926394,1.183974399807486,-9.830461269910696,24.328523261104994,2,64,4.0,252.0,2024-11-13T20:00:00+00:00,2024-11-24T04:00:00+00:00,-0.47841023299926394,0.004645652850914745,2,0.5086470569652775,55.71853941175338,56.521402651273206,1.1785003388578201,1.9046671184770936,other_or_inconclusive,False,False
2024-07-01,423ee0d26798,57c1176e3ed2,ADAUSDT,2024-11-15T08:00:00+00:00,2024-11-15T12:00:00+00:00,2024-11-16T16:00:00+00:00,CLOSED,RISK_ON,capacity_contested,2,0.61380675,0.511412,107.773394617617,7,28,<=3d,8,-0.003972371630381551,2.006872910964675,-0.06626678510786022,33.47849302732497,1,7,0.0,24.0,2024-11-15T12:00:00+00:00,2024-11-16T12:00:00+00:00,-0.003972371630381551,1.6679883490120346,1,1.7140692013292849,184.73105643676462,185.3220245344263,1.0396644751143407,1.7195526334857876,other_or_inconclusive,False,False
2024-07-01,52f03d8b28e8,e8e19b933e84,FLOKIUSDT,2024-11-16T16:00:00+00:00,2024-11-16T20:00:00+00:00,2024-12-19T00:00:00+00:00,STOPPED,RISK_ON,capacity_contested,2,0.00024336162,0.00020053615,111.70767590301885,193,772,>7d,194,-1.531836544934591,1.0890336988712552,-26.956436269613913,19.164229758168116,194,26,772.0,100.0,2024-12-19T00:00:00+00:00,2024-11-21T00:00:00+00:00,-0.2127617046584661,0.8555277968928293,2,-1.0116336472629488,-113.00724360103838,-112.23076245060464,1.1899758660218214,1.9199678213624292,exit_protection_like,False,True
2024-07-01,cb0c2249e175,61be9302eb16,ADAUSDT,2024-11-18T20:00:00+00:00,2024-11-20T00:00:00+00:00,2024-11-22T20:00:00+00:00,CLOSED,RISK_ON,non_capacity,0,0.73906935,0.651282,111.29398681519699,17,68,<=3d,18,-0.00762467485349556,3.4735146920370683,-0.09056660244400883,41.258733026880364,1,18,0.0,68.0,2024-11-20T00:00:00+00:00,2024-11-22T20:00:00+00:00,-0.00762467485349556,1.2454032386215117,1,2.373978980652426,264.2095853722859,265.0651861815641,1.5362500511036368,2.381666734804849,other_or_inconclusive,False,False
2024-07-01,452a8ba7e82a,64b3da98e331,SOLUSDT,2024-11-22T16:00:00+00:00,2024-11-22T20:00:00+00:00,2024-11-26T12:00:00+00:00,STOPPED,RISK_ON,non_capacity,0,254.16701999999998,226.15599999999998,114.45042137188885,22,88,3-7d,23,-1.1555102241903352,0.3510396979474514,-12.734547542792917,3.8687080644845384,22,3,84.0,8.0,2024-11-26T08:00:00+00:00,2024-11-23T04:00:00+00:00,-0.03166682255769259,0.3510396979474514,1,-1.0197690998756919,-116.71300318280474,-115.37447374469717,1.537963725848419,2.383951634464556,other_or_inconclusive,False,False
2024-07-01,9e5b6c7067c7,436b638a6432,ETHFIUSDT,2024-11-24T12:00:00+00:00,2024-11-24T16:00:00+00:00,2024-12-05T04:00:00+00:00,STOPPED,RISK_ON,non_capacity,0,2.0080035,1.4784849999999998,114.20607861005058,63,252,>7d,64,-0.03588826452711273,1.680765638972009,-0.9463877926507602,44.32245760527809,11,60,40.0,236.0,2024-11-26T08:00:00+00:00,2024-12-04T12:00:00+00:00,-0.03211124823778573,0.6534172082750648,1,1.1713956881365613,133.7805080427984,134.52134756016446,1.6327951858710557,2.510393581161408,other_or_inconclusive,False,False
2024-07-01,4474df244e78,92a8c7f2d6c5,ARBUSDT,2024-11-24T12:00:00+00:00,2024-11-26T12:00:00+00:00,2024-12-06T00:00:00+00:00,STOPPED,RISK_ON,non_capacity,0,0.85712835,0.6895,113.92599291411128,57,228,>7d,58,-0.16541563524308364,1.9809993357328881,-3.2350289195311244,38.742348214243535,2,51,4.0,200.0,2024-11-26T16:00:00+00:00,2024-12-04T20:00:00+00:00,-0.16541563524308364,0.4269662619717965,2,1.344468225358276,153.16987751541473,154.13956455544206,1.4675573934933632,2.2900765246578176,other_or_inconclusive,False,False
2024-07-01,e43a6cbe1cfb,e31080bd9f09,LDOUSDT,2024-11-24T12:00:00+00:00,2024-11-24T20:00:00+00:00,2024-12-01T16:00:00+00:00,STOPPED,RISK_ON,capacity_contested,1,1.3966979999999998,1.10517,114.93202652974385,41,164,3-7d,42,-0.02297549463516326,1.674974616503391,-0.4795596471105279,34.96117270877457,1,33,0.0,128.0,2024-11-24T20:00:00+00:00,2024-11-30T04:00:00+00:00,-0.02297549463516326,1.3285241897862317,1,1.2269015843811062,141.01028544547407,141.92309663596743,1.1159436308815511,1.821258174508735,other_or_inconclusive,False,False
2024-07-01,334cc31e97a4,6e8d82761b73,ADAUSDT,2024-11-30T20:00:00+00:00,2024-12-01T20:00:00+00:00,2024-12-03T16:00:00+00:00,STOPPED,RISK_ON,non_capacity,0,1.09444695,0.9547605,118.66992114987461,11,44,<=3d,12,-0.27022628179039593,1.6605264862841025,-3.4489520026530385,21.193631176001727,4,8,12.0,28.0,2024-12-02T08:00:00+00:00,2024-12-03T00:00:00+00:00,-0.27022628179039593,1.0591796842141805,4,0.43656179524244,51.80675381846806,53.16161009230842,1.4330796806741795,2.244106240898905,other_or_inconclusive,False,False
2024-07-01,fd0be951a1f5,7dfdc377e5aa,WUSDT,2024-12-02T04:00:00+00:00,2024-12-03T16:00:00+00:00,2024-12-07T20:00:00+00:00,STOPPED,RISK_ON,capacity_contested,2,0.33446715,0.290969,118.4531440960702,25,100,3-7d,26,-0.18545961150071819,1.8583054681635882,-2.4119409036133965,24.16764994708749,1,16,0.0,60.0,2024-12-03T16:00:00+00:00,2024-12-06T04:00:00+00:00,-0.18545961150071819,1.2766715366055799,1,1.1497082716924745,136.1865595752325,137.59929723398514,1.418506953618582,2.2246759381581094,other_or_inconclusive,False,False
2024-07-01,d1762a52dc20,d81371e0c69b,FETUSDT,2024-12-03T08:00:00+00:00,2024-12-05T04:00:00+00:00,2024-12-08T08:00:00+00:00,STOPPED,RISK_ON,non_capacity,0,1.872936,1.67844,121.63081646195225,19,76,3-7d,20,-0.06136887133925606,1.6558900954261264,-0.6372881935100771,17.19567566644027,1,10,0.0,36.0,2024-12-05T04:00:00+00:00,2024-12-06T16:00:00+00:00,-0.06136887133925606,1.1828726554787772,1,0.8265403592806174,100.53277873805685,102.27482728204966,1.4758927712699097,2.3011903616932154,other_or_inconclusive,False,False
2024-07-01,8c8e876264ef,c80ba098e01c,SEIUSDT,2024-12-04T08:00:00+00:00,2024-12-06T00:00:00+00:00,2024-12-10T00:00:00+00:00,STOPPED,RISK_ON,non_capacity,0,0.7010503499999999,0.5825290000000001,121.87745708015028,24,96,3-7d,25,-1.6963218019369521,0.1311970374957769,-28.678446562361735,2.218050386823145,24,3,92.0,8.0,2024-12-09T20:00:00+00:00,2024-12-06T08:00:00+00:00,-0.337073025239756,0.1311970374957769,4,-1.0121910154668337,-123.36326704447274,-122.47648124917504,1.2420694060909403,1.9894258747879203,other_or_inconclusive,False,False
2024-07-01,6de322ab1358,2004709fee43,AAVEUSDT,2024-12-05T04:00:00+00:00,2024-12-06T00:00:00+00:00,2024-12-12T16:00:00+00:00,CLOSED,RISK_ON,non_capacity,0,247.71379499999998,200.8612,121.84492408644846,40,160,3-7d,41,-0.4926897859126051,3.005302160958215,-9.318736164855078,56.84229455206562,24,40,92.0,156.0,2024-12-09T20:00:00+00:00,2024-12-12T12:00:00+00:00,-0.029108206279715828,0.9232403242552535,1,2.633396049208264,320.8659417053342,321.50990954254075,1.7290108940920927,2.6386811921227906,other_or_inconclusive,False,False
2024-07-01,e05d92aa0797,5568dcd3347d,THETAUSDT,2024-12-06T00:00:00+00:00,2024-12-07T20:00:00+00:00,2024-12-10T00:00:00+00:00,STOPPED,RISK_ON,capacity_contested,1,3.06153,2.6595,124.58173500727167,13,52,<=3d,14,-2.391687187523319,0.05589135139168773,-31.40684559680943,0.7339467521141563,13,4,48.0,12.0,2024-12-09T20:00:00+00:00,2024-12-08T08:00:00+00:00,-0.267467601920254,0.05589135139168773,3,-1.0162698119543319,-126.60865640878438,-125.40586535637956,1.5329357300946818,2.377247640126241,other_or_inconclusive,False,False
2024-07-01,7aac91eec774,ce98f5999f69,TAOUSDT,2024-12-06T00:00:00+00:00,2024-12-08T08:00:00+00:00,2024-12-10T00:00:00+00:00,STOPPED,RISK_ON,non_capacity,0,694.8472499999999,558.5935000000001,123.76565151060954,10,40,<=3d,11,-2.274045668467842,0.16478629028558892,-44.592138775824466,3.2313217041587183,10,4,36.0,12.0,2024-12-09T20:00:00+00:00,2024-12-08T20:00:00+00:00,-0.27483463757878207,0.16478629028558892,6,-1.0102350746786788,-125.03240219647596,-124.27304810304898,1.4859839144006348,2.3146452192008464,other_or_inconclusive,False,False
2024-07-01,a1fca729049d,f785cbac350d,CRVUSDT,2024-12-10T08:00:00+00:00,2024-12-10T12:00:00+00:00,2024-12-19T20:00:00+00:00,STOPPED,RISK_ON,non_capacity,0,1.1703849,0.8668,119.55673200285683,56,224,>7d,57,-1.18149782811991,0.43057181038977893,-30.646747065858413,11.16855660048246,57,24,224.0,92.0,2024-12-19T20:00:00+00:00,2024-12-14T08:00:00+00:00,-0.6623679240963564,0.06625856556106692,4,-1.0072496595186387,-120.42347760303866,-119.89809211431188,1.665217070674276,2.5536227608990343,entry_quality_like,True,False
2024-07-01,5d04185296f8,79fddddc5a24,BEAMXUSDT,2024-12-10T12:00:00+00:00,2024-12-11T16:00:00+00:00,2024-12-19T04:00:00+00:00,STOPPED,RISK_ON,non_capacity,0,0.034627305,0.0278361,119.87088425443784,45,180,>7d,46,-1.0863027989878085,0.9516271412805247,-21.304877754708308,18.663580662716917,45,3,176.0,8.0,2024-12-19T00:00:00+00:00,2024-12-12T00:00:00+00:00,-0.04377794515111792,0.9516271412805247,1,-1.0102331303354855,-121.09753863644339,-120.36221648799507,1.6782920940789288,2.571056125438572,other_or_inconclusive,False,False
2024-07-01,e38393aeeebf,6261cd421a99,IOUSDT,2024-12-11T00:00:00+00:00,2024-12-11T12:00:00+00:00,2025-01-29T20:00:00+00:00,STOPPED,RISK_ON,non_capacity,0,3.875937,2.561,118.87971568283305,296,1184,>7d,297,-1.0174913322843604,0.6852518409627231,-34.519059520317285,23.247617285833087,296,4,1180.0,12.0,2025-01-29T16:00:00+00:00,2024-12-12T00:00:00+00:00,-0.03493475352811572,0.6852518409627231,1,-1.0050723447587224,-119.48271458559528,-119.11124841167386,1.0211956542835279,1.6949275390447038,other_or_inconclusive,False,False
2024-07-01,e0952c7b4dd2,8c47da1cf056,YFIUSDT,2024-12-11T16:00:00+00:00,2024-12-12T16:00:00+00:00,2024-12-19T20:00:00+00:00,STOPPED,RISK_ON,non_capacity,0,11646.8205,8506.46,122.25803829707363,43,172,>7d,44,-1.115738304567262,0.05387263659697673,-30.08392290410932,1.4525809855144622,44,1,172.0,0.0,2024-12-19T20:00:00+00:00,2024-12-12T16:00:00+00:00,-0.17826631687667696,0.05387263659697673,3,-1.0068982977400207,-123.10141064635769,-122.58920508905581,1.7592791284169922,2.6790388378893235,other_or_inconclusive,False,False
2024-07-01,98435844cbe4,f2018c7f931a,BNBUSDT,2024-12-26T04:00:00+00:00,2024-12-27T12:00:00+00:00,2025-01-27T08:00:00+00:00,STOPPED,NEUTRAL,non_capacity,0,706.39302,645.69705,116.99204120049248,185,740,>7d,186,-1.1302730642578087,0.6408494666120336,-9.71173526035124,5.506421906603776,185,63,736.0,248.0,2025-01-27T04:00:00+00:00,2025-01-06T20:00:00+00:00,-0.33944625977639076,0.01823811366718452,2,-1.025921088516255,-120.02460225614782,-118.2366282114033,1.546834132336634,2.395778843115512,other_or_inconclusive,False,False
2024-07-01,e616bb4c130c,b4c654225de8,GALAUSDT,2025-01-03T00:00:00+00:00,2025-01-03T04:00:00+00:00,2025-01-08T20:00:00+00:00,STOPPED,NEUTRAL,non_capacity,0,0.04036017,0.0329384,116.95539346600235,34,136,3-7d,35,-1.01999523024831,0.5645324498064475,-18.75653645661056,10.381100971576673,34,22,132.0,84.0,2025-01-08T16:00:00+00:00,2025-01-06T16:00:00+00:00,-0.18596237824669853,0.5551007374251691,1,-1.0110469510103388,-118.24739396801617,-117.47445071678494,1.4846706649989148,2.312894219998553,other_or_inconclusive,False,False
2024-07-01,01c3de2dcaec,d3393ac07307,UNIUSDT,2025-01-03T00:00:00+00:00,2025-01-03T04:00:00+00:00,2025-01-08T20:00:00+00:00,STOPPED,NEUTRAL,non_capacity,0,14.381187,12.84834,117.18124668828015,34,136,3-7d,35,-1.231164623736094,0.8303588029333645,-13.122609420209896,8.850542031057662,34,19,132.0,72.0,2025-01-08T16:00:00+00:00,2025-01-06T04:00:00+00:00,-0.21606005035075246,0.6013731311735614,2,-1.020508443739003,-119.58445169325299,-118.16346115526535,1.5605177222401456,2.4140236296535273,other_or_inconclusive,False,False
2024-07-01,2824a9c01ca6,94c7347270f2,SUIUSDT,2025-01-03T04:00:00+00:00,2025-01-03T16:00:00+00:00,2025-01-05T00:00:00+00:00,CLOSED,NEUTRAL,capacity_contested,1,4.6867422,3.98531,118.25504679336998,8,32,<=3d,9,-0.049672940592119845,0.959547907837706,-0.7434204509904507,14.36088803860387,1,8,0.0,28.0,2025-01-03T16:00:00+00:00,2025-01-04T20:00:00+00:00,-0.049672940592119845,0.8851287408818691,1,0.9054148279257216,107.06987284376724,107.74508433698618,0.43334346350510444,0.9111246180068059,other_or_inconclusive,False,False
2024-07-01,6fc42846f7e4,21f1e02cd28c,XVGUSDT,2025-01-03T08:00:00+00:00,2025-01-05T12:00:00+00:00,2025-01-08T08:00:00+00:00,STOPPED,NEUTRAL,non_capacity,0,0.014959476,0.012467144999999999,118.96544226110058,17,68,<=3d,18,-1.0445947990054283,0.44437275787204905,-17.403524027178484,7.403494614383566,17,8,64.0,28.0,2025-01-08T04:00:00+00:00,2025-01-06T16:00:00+00:00,-0.03870914417065784,0.31758382012662106,1,-1.01240028441447,-120.44064758063142,-119.56053152438795,1.5900318085177363,2.453375744690315,other_or_inconclusive,False,False
2024-07-01,85de6419cd32,36002cf77083,DOGEUSDT,2025-01-15T00:00:00+00:00,2025-01-15T04:00:00+00:00,2025-02-02T00:00:00+00:00,STOPPED,NEUTRAL,non_capacity,0,0.36334157999999994,0.30504465000000003,113.9554007591097,107,428,>7d,108,-1.1338775472396236,1.2134158694119945,-18.192682489023127,19.46884801899087,108,18,428.0,68.0,2025-02-02T00:00:00+00:00,2025-01-18T00:00:00+00:00,-0.2580166742914244,0.41903441570594024,3,-1.012953012917661,-115.43146653717967,-114.55168405121735,1.3693440737661877,2.1591254316882504,exit_protection_like,False,True
2024-07-01,c034a5b7fc0e,dac34932798b,BTCUSDT,2025-01-15T04:00:00+00:00,2025-01-15T08:00:00+00:00,2025-02-25T12:00:00+00:00,STOPPED,NEUTRAL,non_capacity,0,97350.000675,87917.83965,114.10592937323358,247,988,>7d,248,-1.1979238527684049,1.2974756572288253,-11.606585101854694,12.571134299070197,248,30,988.0,116.0,2025-02-25T12:00:00+00:00,2025-01-20T04:00:00+00:00,-0.087890852669153,0.37283707473600913,1,-1.0227612485793367,-116.703122796074,-115.16951880678558,1.8135987101941682,2.7514649469255574,exit_protection_like,False,True
2024-07-01,1e6b09822889,4943982842f0,TAOUSDT,2025-01-28T00:00:00+00:00,2025-01-29T20:00:00+00:00,2025-02-02T20:00:00+00:00,STOPPED,NEUTRAL,non_capacity,0,459.2295,357.6535,112.38692059587986,24,96,3-7d,25,-1.209237418287785,0.19857545089391207,-26.746866218306963,4.392248320284309,25,5,96.0,16.0,2025-02-02T20:00:00+00:00,2025-01-30T12:00:00+00:00,-0.14500964794833404,0.19857545089391207,2,-1.0088469830127198,-113.3812057732435,-112.7826398160238,1.497503124595635,2.3300041661275133,other_or_inconclusive,False,False
2024-07-01,7742b2227982,ef3e554285de,XRPUSDT,2025-01-28T04:00:00+00:00,2025-01-28T08:00:00+00:00,2025-02-02T20:00:00+00:00,STOPPED,NEUTRAL,non_capacity,0,3.1067525999999996,2.6160615,112.99869166538996,33,132,3-7d,34,-1.3174329022882212,0.21856398047570125,-20.80798451733812,3.4520740402695926,34,2,132.0,4.0,2025-02-02T20:00:00+00:00,2025-01-28T12:00:00+00:00,-0.19228512601919967,0.21856398047570125,4,-1.0131899844494834,-114.48914265126842,-113.60113081053889,1.8564200998802627,2.8085601331736845,other_or_inconclusive,False,False
2024-07-01,d5d5727e43e6,3fbe1d2bcb5f,CRVUSDT,2025-04-25T00:00:00+00:00,2025-04-25T08:00:00+00:00,2025-05-23T16:00:00+00:00,STOPPED,NEUTRAL,non_capacity,0,0.67983975,0.5765205,107.90648131537031,170,680,>7d,171,-0.560783687454177,1.7650171676623674,-8.522559912096927,26.824005215935088,21,168,80.0,668.0,2025-04-28T16:00:00+00:00,2025-05-23T04:00:00+00:00,-0.10491510536516602,0.2793308120219614,1,0.8840913315731117,95.39918475147483,96.48970762710451,1.712519664111113,2.6166928854814837,other_or_inconclusive,False,False
2024-07-01,b8a93abd5a6c,15ad08cdbd66,RENDERUSDT,2025-04-25T00:00:00+00:00,2025-04-25T08:00:00+00:00,2025-04-28T04:00:00+00:00,STOPPED,NEUTRAL,non_capacity,0,4.558278,4.1931449999999995,108.21285422741784,17,68,<=3d,18,-1.2523600989228567,0.19368832726705043,-10.031814645793869,1.5515069506510937,17,2,64.0,4.0,2025-04-28T00:00:00+00:00,2025-04-25T12:00:00+00:00,-0.5402907981475237,0.19368832726705043,4,-1.0279498376071192,-111.23738593007704,-109.45555808776314,1.3610105119139233,2.148014015885231,entry_quality_like,True,False
2024-07-01,33745529bcdf,173e22a1e45d,AVAXUSDT,2025-04-25T00:00:00+00:00,2025-04-25T08:00:00+00:00,2025-05-07T20:00:00+00:00,STOPPED,NEUTRAL,non_capacity,0,22.35117,19.148400000000002,107.90189786653987,75,300,>7d,76,-1.0182342160067699,0.1994617159521287,-14.590600849977875,2.8581501550030586,75,5,296.0,16.0,2025-05-07T16:00:00+00:00,2025-04-26T00:00:00+00:00,-0.07530044305398156,0.1994617159521287,2,-1.0147429005517097,-109.492684816127,-108.54701090965803,1.6066800842971865,2.475573445729582,other_or_inconclusive,False,False
2024-07-01,fdcee0642f6b,9c98e3405af7,DOGEUSDT,2025-04-25T04:00:00+00:00,2025-04-28T04:00:00+00:00,2025-05-10T20:00:00+00:00,CLOSED,NEUTRAL,non_capacity,0,0.17889940499999998,0.1578561,106.29059803490341,76,304,>7d,77,-0.6956799324060553,3.425345733476754,-8.183037277289994,40.291131767598664,51,77,200.0,304.0,2025-05-06T12:00:00+00:00,2025-05-10T20:00:00+00:00,-0.23187446078455734,0.18345953736829956,4,2.5579153526462264,271.88235255542827,272.7143408869995,1.6743071301384977,2.5657428401846634,other_or_inconclusive,False,False
2024-07-01,b767d5cf5aac,e0a7a65bc7b4,PEPEUSDT,2025-04-25T04:00:00+00:00,2025-04-25T08:00:00+00:00,2025-05-06T12:00:00+00:00,STOPPED,NEUTRAL,non_capacity,0,8.84442e-06,7.7027e-06,107.96322208304179,67,268,>7d,68,-1.1074694320849243,0.845723995375399,-14.296245542387165,10.917391982741664,67,5,264.0,16.0,2025-05-06T08:00:00+00:00,2025-04-26T00:00:00+00:00,-0.16152822057947594,0.845723995375399,2,-1.0165850342465754,-109.75379581865965,-108.69160409504039,1.401568058466556,2.2020907446220748,other_or_inconclusive,False,False
2024-07-01,cb72e7a0c22e,5fb053d5d284,TURBOUSDT,2025-05-05T04:00:00+00:00,2025-05-06T16:00:00+00:00,2025-05-10T12:00:00+00:00,STOPPED,NEUTRAL,non_capacity,0,0.005698847999999999,0.004602905,103.68976859254225,23,92,3-7d,24,-0.4624766069038263,0.8085748985120583,-8.89386767290512,15.549668985731868,8,16,28.0,60.0,2025-05-07T20:00:00+00:00,2025-05-09T04:00:00+00:00,-0.43327800807158706,0.15343133721370592,2,0.12404516303571524,12.86221425019749,13.630699100024058,0.6899870229742878,1.2533160306323838,other_or_inconclusive,False,False
2024-07-01,d7c22b07ce45,fc1e9a9238c4,LTCUSDT,2025-05-07T16:00:00+00:00,2025-05-08T00:00:00+00:00,2025-05-11T16:00:00+00:00,STOPPED,NEUTRAL,non_capacity,0,89.574765,79.77515,103.92966537315067,22,88,3-7d,23,-0.01885431213369083,1.7832573014348005,-0.20626903123887042,19.50910504761023,1,13,0.0,48.0,2025-05-08T00:00:00+00:00,2025-05-10T00:00:00+00:00,-0.01885431213369083,0.6005577770147085,1,0.9523672031575979,98.97920473653255,100.409591627601,1.5979167159890593,2.463888954652079,other_or_inconclusive,False,False
2024-07-01,8eeae19f37c4,1914949a8129,SUIUSDT,2025-05-11T04:00:00+00:00,2025-05-11T12:00:00+00:00,2025-05-25T12:00:00+00:00,STOPPED,RISK_ON,non_capacity,0,4.01290545,3.5187155,109.91786642253533,84,336,>7d,85,-1.1847781404700761,0.5787138123711335,-14.590561808527037,7.126869884263032,84,5,332.0,16.0,2025-05-25T08:00:00+00:00,2025-05-12T04:00:00+00:00,-0.24829612581154226,0.5787138123711335,1,-1.0174812831877698,-111.83937177286312,-110.7005001048024,1.472329791703615,2.296439722271487,other_or_inconclusive,False,False
2024-07-01,595eeedcd373,249f2eaf5b52,XRPUSDT,2025-05-11T04:00:00+00:00,2025-05-11T12:00:00+00:00,2025-05-30T04:00:00+00:00,STOPPED,RISK_ON,non_capacity,0,2.3874931499999996,2.1358740000000003,109.98532109034701,112,448,>7d,113,-1.0169859885465797,1.0627444294283688,-10.718068447651863,11.200319045941566,112,7,444.0,24.0,2025-05-30T00:00:00+00:00,2025-05-12T12:00:00+00:00,-0.23524898641458625,0.3871201774586741,2,-1.0207639576955887,-112.26905164460271,-110.91893360632014,1.6597060438520967,2.546274725136129,exit_protection_like,False,True
2024-07-01,73b598cc85e4,4f443a4813c2,FETUSDT,2025-05-11T16:00:00+00:00,2025-05-12T08:00:00+00:00,2025-05-18T04:00:00+00:00,STOPPED,RISK_ON,capacity_contested,1,0.8874434999999999,0.73087,110.41067616803983,35,140,3-7d,36,-1.0119432726483093,0.17599721536530835,-17.853925348486964,3.105155426796191,35,1,136.0,0.0,2025-05-18T00:00:00+00:00,2025-05-12T08:00:00+00:00,-0.6223498867943806,0.17599721536530835,5,-1.0115983006702927,-111.69125238744707,-110.92606255776057,1.0660845827660281,1.7547794436880368,entry_quality_like,True,False
2025-06-01,c2f0322c2477,919abbc0ff5f,COMPUSDT,2025-06-05T00:00:00+00:00,2025-06-06T08:00:00+00:00,2025-06-10T12:00:00+00:00,CLOSED,NEUTRAL,non_capacity,0,49.614795,39.05525,100.23536391466335,25,100,3-7d,26,-0.5790775076009431,1.201302234139823,-12.324539484643648,25.56738368061382,5,26,16.0,100.0,2025-06-07T00:00:00+00:00,2025-06-10T12:00:00+00:00,-0.5790775076009431,0.11224015807499246,5,0.9246556919916197,92.68319978254486,93.09720922082633,0.4465895487251821,0.9287860649669095,other_or_inconclusive,False,False
2025-06-01,d735ec211c6d,80d53c44e236,TRBUSDT,2025-06-08T00:00:00+00:00,2025-06-08T20:00:00+00:00,2025-06-13T00:00:00+00:00,STOPPED,RISK_ON,non_capacity,0,49.374674999999996,41.695049999999995,100.03718393001907,25,100,3-7d,26,-1.3092664029819157,0.5996809740058922,-20.364032775911934,9.327301901227703,26,8,100.0,28.0,2025-06-13T00:00:00+00:00,2025-06-10T00:00:00+00:00,-0.40948288490648943,0.08142650194508241,3,-1.0134249100639683,-101.38017412733222,-100.5803166201988,1.5356804427238517,2.3809072569651355,other_or_inconclusive,False,False
2025-06-01,19ae3c04b61f,10a11125e3db,UNIUSDT,2025-06-08T00:00:00+00:00,2025-06-08T20:00:00+00:00,2025-06-10T16:00:00+00:00,CLOSED,RISK_ON,non_capacity,0,6.38319,5.708075,100.18335123059633,11,44,<=3d,12,-0.2639402175925581,2.975507876435866,-2.791550932997444,31.47031499924018,3,12,8.0,44.0,2025-06-09T04:00:00+00:00,2025-06-10T16:00:00+00:00,-0.2639402175925581,0.3878005969353365,3,2.68936420818944,269.4295190560373,270.295421442997,1.773505538516422,2.698007384688564,other_or_inconclusive,False,False
2025-06-01,358d9eaa616c,c67aa11e456d,BTCUSDT,2025-06-08T00:00:00+00:00,2025-06-08T16:00:00+00:00,2025-06-22T20:00:00+00:00,STOPPED,RISK_ON,non_capacity,0,106037.51226,98866.6761,100.52984229649398,85,340,>7d,86,-1.0929704828174454,0.6265179736026756,-7.391263801797532,4.236856980371395,86,8,340.0,28.0,2025-06-22T20:00:00+00:00,2025-06-09T20:00:00+00:00,-0.10028708562768322,0.2764653515664755,3,-1.03347580185515,-103.8951593777409,-101.91588028912776,1.796430984681057,2.7285746462414093,other_or_inconclusive,False,False
2025-06-01,9483768b1332,a719dabaccb2,WIFUSDT,2025-06-09T20:00:00+00:00,2025-06-10T00:00:00+00:00,2025-06-13T04:00:00+00:00,STOPPED,NEUTRAL,non_capacity,0,1.028514,0.7998200000000001,102.10618924219452,19,76,3-7d,20,-1.0341941633798877,0.2163852134292993,-22.995700593283118,4.811407525809086,19,4,72.0,12.0,2025-06-13T00:00:00+00:00,2025-06-10T12:00:00+00:00,-0.17715375130086478,0.2163852134292993,4,-1.0087901115901599,-103.0037140396794,-102.46328900117243,0.7437717555873998,1.325029007449866,other_or_inconclusive,False,False
2025-06-01,a5262bfb841c,eb2ac5ee6b0b,AVAXUSDT,2025-06-10T00:00:00+00:00,2025-06-10T12:00:00+00:00,2025-06-13T04:00:00+00:00,STOPPED,RISK_ON,capacity_contested,4,22.231109999999997,19.266599999999997,104.43051571796376,16,64,<=3d,17,-1.2720854373910009,0.1817804628758216,-16.96321056393494,2.4240355069989894,16,7,60.0,24.0,2025-06-13T00:00:00+00:00,2025-06-11T12:00:00+00:00,-0.2263814255981591,0.14467483665091452,1,-1.0159913029134668,-106.10049572821927,-105.10921842908023,1.3863078036051524,2.181743738140203,other_or_inconclusive,False,False
2025-06-01,406b9b56292f,4aabd78db0c2,FETUSDT,2025-06-10T04:00:00+00:00,2025-06-10T16:00:00+00:00,2025-06-13T00:00:00+00:00,STOPPED,RISK_ON,capacity_contested,1,0.794397,0.720035,104.01987443601419,14,56,<=3d,15,-2.0090503214007143,0.5460181275382577,-18.806339903096315,5.111172373510975,15,5,56.0,16.0,2025-06-13T00:00:00+00:00,2025-06-11T08:00:00+00:00,-0.23395013582205948,0.5460181275382577,5,-1.0236291219305553,-106.47777273226383,-105.02708175009303,1.749914089778011,2.666552119704015,other_or_inconclusive,False,False
2025-06-01,52761d28aafc,8b7efd777e94,APTUSDT,2025-06-26T16:00:00+00:00,2025-06-26T20:00:00+00:00,2025-10-11T00:00:00+00:00,STOPPED,NEUTRAL,non_capacity,0,4.950474,3.814905,98.62742803154242,637,2548,>7d,638,-3.7016456067398815,0.6257004197895504,-84.9105358395984,14.352686227621824,637,160,2544.0,636.0,2025-10-10T20:00:00+00:00,2025-07-23T08:00:00+00:00,-0.12722608665787793,0.306036885473274,2,-1.0084593579914563,-99.46175275303783,-98.95876348393207,1.3396043252789174,2.119472433705223,other_or_inconclusive,False,False
2025-06-01,59911084abaf,fe1ea5edc626,WUSDT,2025-06-27T00:00:00+00:00,2025-06-28T04:00:00+00:00,2025-07-15T04:00:00+00:00,STOPPED,NEUTRAL,non_capacity,0,0.06853425,0.058509,98.95804040512398,102,408,>7d,103,-0.5420563078227474,1.682327124011869,-7.929247055304467,24.609228232599033,63,92,248.0,364.0,2025-07-08T12:00:00+00:00,2025-07-13T08:00:00+00:00,-0.11313932320889779,1.4030323433330834,1,1.0305087621198734,101.97712771969273,103.02724567261842,1.6752616994134297,2.567015599217907,other_or_inconclusive,False,False
2025-06-01,7635f2f947a0,50bd05473fe6,SEIUSDT,2025-06-27T16:00:00+00:00,2025-06-27T20:00:00+00:00,2025-07-14T00:00:00+00:00,STOPPED,NEUTRAL,non_capacity,0,0.28064025000000004,0.2418175,98.67308506945936,97,388,>7d,98,-0.8252957351037732,1.9230927742109944,-11.416840599308209,26.603364984174572,62,82,244.0,324.0,2025-07-08T00:00:00+00:00,2025-07-11T08:00:00+00:00,-0.047401330405497835,0.49609442916846286,1,0.8828038282520694,87.10897724476084,88.19577035732163,1.5722344038532836,2.4296458718043787,other_or_inconclusive,False,False
2025-06-01,65a098bf27d1,df274337b4cd,BTCUSDT,2025-06-28T00:00:00+00:00,2025-06-28T04:00:00+00:00,2025-07-11T08:00:00+00:00,CLOSED,NEUTRAL,non_capacity,0,107353.780065,104220.90955,100.33205142253227,79,316,>7d,80,-0.7193371236410627,3.6759259215665314,-2.099218177166662,10.727335290873995,24,80,92.0,316.0,2025-07-02T00:00:00+00:00,2025-07-11T08:00:00+00:00,-0.08606486087089515,0.07149032618094042,3,3.1271252777063667,313.7508941675357,316.6280005634837,1.7164662261840007,3.15580112311325,other_or_inconclusive,False,False
2025-06-01,9e3dd22082e3,9cf75c8006ab,WIFUSDT,2025-06-28T20:00:00+00:00,2025-06-29T00:00:00+00:00,2025-07-11T08:00:00+00:00,STOPPED,NEUTRAL,capacity_contested,1,0.8304149999999999,0.73678,99.91348934346942,74,296,>7d,75,-0.559779996796069,2.6014310888022685,-6.311904288819436,29.332923899496066,19,74,72.0,292.0,2025-07-02T00:00:00+00:00,2025-07-11T04:00:00+00:00,-0.2393869813638049,0.8179099695626656,2,1.0981346975103838,109.71846939739775,111.07007478862168,1.8602496973036173,2.81366626307149,other_or_inconclusive,False,False
2025-06-01,3c7506d62472,aaab9e543124,BONKUSDT,2025-07-10T08:00:00+00:00,2025-07-12T00:00:00+00:00,2025-07-15T08:00:00+00:00,CLOSED,RISK_ON,non_capacity,0,2.2471229999999998e-05,1.945375e-05,105.11611315328082,20,80,3-7d,21,-0.30529779816270525,2.713777721807604,-4.09959757432058,36.441129390781036,2,20,4.0,76.0,2025-07-12T04:00:00+00:00,2025-07-15T04:00:00+00:00,-0.30529779816270525,1.3285158476609638,2,1.9651094318984939,206.56466540202146,207.2738162571491,1.228891841883233,1.971855789177644,other_or_inconclusive,False,False
2025-06-01,4e8939005cb7,e32027a8d0fd,TONUSDT,2025-07-12T00:00:00+00:00,2025-07-12T04:00:00+00:00,2025-07-19T00:00:00+00:00,STOPPED,RISK_ON,non_capacity,0,2.999499,2.74618,105.43581789045112,41,164,3-7d,42,-0.40462420900129964,1.3915300470947671,-3.417204006402419,11.751995916651413,3,37,8.0,144.0,2025-07-12T12:00:00+00:00,2025-07-18T04:00:00+00:00,-0.40462420900129964,0.09671994599694399,3,0.64491078541414,67.99669612651307,69.81433230580717,1.1073542505666205,1.8098056674221608,other_or_inconclusive,False,False
2025-06-01,89e3dfd7ebc4,b899e2b91775,SHIBUSDT,2025-07-12T08:00:00+00:00,2025-07-14T00:00:00+00:00,2025-07-19T00:00:00+00:00,STOPPED,RISK_ON,non_capacity,0,1.3306649999999999e-05,1.1731349999999999e-05,106.32478236728477,30,120,3-7d,31,-0.35336126452104305,1.5700818891639703,-4.183246722503409,18.587322879913447,8,26,28.0,100.0,2025-07-15T04:00:00+00:00,2025-07-18T04:00:00+00:00,-0.1184853678664377,0.5417063416492103,6,0.6238040578008137,66.32583068550065,67.650865751978,1.560296095222999,2.4137281269639974,other_or_inconclusive,False,False
2025-06-01,1c6cdec32245,a958aeede9fa,LINKUSDT,2025-07-13T08:00:00+00:00,2025-07-15T04:00:00+00:00,2025-07-18T04:00:00+00:00,CLOSED,RISK_ON,capacity_contested,1,15.287639999999998,14.0067,106.54120162399501,18,72,<=3d,19,-0.11525910659359347,3.030867956344568,-0.965747492745761,25.39541747450884,1,19,0.0,72.0,2025-07-15T04:00:00+00:00,2025-07-18T04:00:00+00:00,-0.11525910659359347,0.7278717192062101,1,2.485428000717861,264.80048574640443,265.9240855619617,1.6219806153054779,2.495974153740639,other_or_inconclusive,False,False
2025-06-01,8b67bed4ad58,2ddbe5456dec,TAOUSDT,2025-07-15T04:00:00+00:00,2025-07-15T08:00:00+00:00,2025-07-30T12:00:00+00:00,STOPPED,RISK_ON,capacity_contested,1,410.40509999999995,367.8975,106.70555570222227,91,364,>7d,92,-1.1763802237717493,1.1996654715862591,-12.18432714408275,12.425503484240341,92,41,364.0,160.0,2025-07-30T12:00:00+00:00,2025-07-22T00:00:00+00:00,-0.12950860551995347,0.8491399185086921,1,-1.0211630189072078,-108.96376739505251,-107.62907778248464,1.401258692624854,2.2016782568331386,exit_protection_like,False,True
2025-06-01,bd6762c4fc98,6f5a197a90c3,PEPEUSDT,2025-07-16T04:00:00+00:00,2025-07-19T00:00:00+00:00,2025-07-21T20:00:00+00:00,STOPPED,RISK_ON,capacity_contested,1,1.298649e-05,1.14851e-05,111.37275840528791,17,68,<=3d,18,-0.22411898307568337,1.0746774655485927,-2.591077342684589,12.424527335715819,1,11,0.0,40.0,2025-07-19T00:00:00+00:00,2025-07-20T16:00:00+00:00,-0.22411898307568337,0.36866503706565346,1,0.5100002384385509,56.800133342255954,58.20700905072773,1.072520979808087,1.7633613064107827,other_or_inconclusive,False,False
2025-06-01,d1b7b10a5ce7,6ed8a742ec66,UNIUSDT,2025-07-16T04:00:00+00:00,2025-07-18T04:00:00+00:00,2025-07-18T20:00:00+00:00,STOPPED,RISK_ON,non_capacity,0,10.037016,8.2543,112.90087160946466,4,16,<=3d,5,-0.059468810511601626,0.5441046134101005,-1.0562501843177308,9.664067487787209,5,2,16.0,4.0,2025-07-18T20:00:00+00:00,2025-07-18T08:00:00+00:00,-0.059468810511601626,0.5441046134101005,5,-0.013506807244676147,-1.5249303105849688,-0.6356524846123278,0.3787095094546934,0.8382793459395912,other_or_inconclusive,False,False
2025-06-01,e1a44237c91c,1eaeef110c82,ADAUSDT,2025-07-18T16:00:00+00:00,2025-07-18T20:00:00+00:00,2025-08-02T00:00:00+00:00,STOPPED,RISK_ON,non_capacity,0,0.8178086999999999,0.7083134999999999,111.82029731796192,85,340,>7d,86,-1.1106304203289266,1.091292586341685,-14.870066801686011,14.611155396121367,85,17,336.0,64.0,2025-08-01T20:00:00+00:00,2025-07-21T12:00:00+00:00,-0.20008822304539275,0.1770972608844964,1,-1.0159188911157748,-113.60035245550013,-112.54365164001737,1.621738041397269,2.4956507218630266,exit_protection_like,False,True
2025-06-01,f747860a19b6,b2379a8997c6,LINKUSDT,2025-07-18T20:00:00+00:00,2025-07-19T00:00:00+00:00,2025-08-12T00:00:00+00:00,STOPPED,RISK_ON,capacity_contested,1,17.838914999999997,15.33645,111.29495695621435,144,576,>7d,145,-0.9626168597762603,1.9425186765848905,-13.503708045024021,27.249891599348963,89,134,352.0,532.0,2025-08-02T16:00:00+00:00,2025-08-10T04:00:00+00:00,-0.12344428393603736,0.2841538243292134,1,1.2732568809300775,141.7070697573167,142.96074885303923,1.5073863088424189,2.343181745123225,other_or_inconclusive,False,False
2025-06-01,7fd796d2bb4c,f125205789eb,NEIROUSDT,2025-07-19T12:00:00+00:00,2025-07-22T00:00:00+00:00,2025-07-23T20:00:00+00:00,STOPPED,RISK_ON,non_capacity,0,0.00056304138,0.0004922636,114.35602090946034,11,44,<=3d,12,-1.4558436277600122,0.06511393830097427,-18.300853837776543,0.8185224325785612,12,1,44.0,0.0,2025-07-23T20:00:00+00:00,2025-07-22T00:00:00+00:00,-0.6787635893637803,0.06511393830097427,3,-1.017085185327937,-116.30981472006391,-115.15137372406629,0.8293366457493885,1.4391155276658514,entry_quality_like,True,False
2025-06-01,d05aa60793dd,8130304b910d,BONKUSDT,2025-07-22T00:00:00+00:00,2025-07-24T12:00:00+00:00,2025-07-29T04:00:00+00:00,STOPPED,RISK_ON,capacity_contested,1,3.5897940000000003e-05,3.119495e-05,110.44090421705528,28,112,3-7d,29,-1.0882311040423216,0.40018371291454913,-14.2569183635607,5.242807804570404,28,1,108.0,0.0,2025-07-29T00:00:00+00:00,2025-07-24T12:00:00+00:00,-0.8649688814987914,0.40018371291454913,4,-1.0163125758400502,-112.24247984293972,-111.17345914168952,1.0565376599808376,1.7420502133077835,entry_quality_like,True,False
2025-06-01,ad9955d450ef,2c092a916821,BNBUSDT,2025-07-28T20:00:00+00:00,2025-07-29T04:00:00+00:00,2025-08-01T16:00:00+00:00,STOPPED,RISK_ON,capacity_contested,2,829.504545,762.0945,109.00032713710812,21,84,3-7d,22,-1.120078543190411,0.06876504829510173,-9.102366642246674,0.5588221340004917,22,1,84.0,0.0,2025-08-01T16:00:00+00:00,2025-07-29T04:00:00+00:00,-0.49554254117468693,0.06876504829510173,6,-1.0275215470261143,-112.00018476627389,-110.23261454782546,1.5586973450199642,2.411596460026619,other_or_inconclusive,False,False
2025-06-01,d7cbc19cd537,cf40f749a8e3,MEMEUSDT,2025-08-01T04:00:00+00:00,2025-08-01T16:00:00+00:00,2025-08-06T00:00:00+00:00,STOPPED,NEUTRAL,non_capacity,0,0.0019369679999999998,0.00161343,104.98565895154461,26,104,3-7d,27,-1.0415098071942084,0.2257292806409146,-17.39667356404442,3.770428835169204,26,1,100.0,0.0,2025-08-05T20:00:00+00:00,2025-08-01T16:00:00+00:00,-0.45116184188565117,0.2257292806409146,6,-1.0123634125512302,-106.28363996512532,-105.50920490819324,1.6593206340999878,2.5457608454666496,other_or_inconclusive,False,False
2025-06-01,2f40cd8bdba3,d7f971b75661,BCHUSDT,2025-08-05T12:00:00+00:00,2025-08-06T16:00:00+00:00,2025-10-11T00:00:00+00:00,STOPPED,NEUTRAL,non_capacity,0,571.78575,506.78249999999997,103.85024965448186,392,1568,>7d,393,-1.3812501682608171,1.2186198382388564,-15.702691086652653,13.853834237736784,392,258,1564.0,1028.0,2025-10-10T20:00:00+00:00,2025-09-18T12:00:00+00:00,-0.07977678039174936,0.20943952802359825,1,-1.0191032374150522,-105.83412562924386,-104.65989362067617,1.5433983726234894,2.3911978301646535,exit_protection_like,False,True
2025-06-01,571b87ff4cd0,206f05693634,LTCUSDT,2025-08-05T20:00:00+00:00,2025-08-06T20:00:00+00:00,2025-09-22T08:00:00+00:00,STOPPED,NEUTRAL,non_capacity,0,120.10002,102.5779,103.73340254384522,279,1116,>7d,280,-1.0215670249946922,0.8041252999066321,-14.904260632096477,11.731871485117162,279,39,1112.0,152.0,2025-09-22T04:00:00+00:00,2025-08-13T04:00:00+00:00,-0.15580420634032846,0.1329736356103032,4,-1.0144442128064413,-105.23174988532475,-104.34067806717243,1.5717259064971947,2.428967875329593,other_or_inconclusive,False,False
2025-06-01,f81d51c7dd9e,7122358f336f,DOGEUSDT,2025-08-07T20:00:00+00:00,2025-08-08T00:00:00+00:00,2025-09-13T08:00:00+00:00,CLOSED,NEUTRAL,capacity_contested,2,0.22239114,0.192666,104.98647300559963,218,872,>7d,219,-0.5931390062418546,2.593052883855217,-7.927986699470124,34.65914154673608,150,219,596.0,872.0,2025-09-01T20:00:00+00:00,2025-09-13T08:00:00+00:00,-0.09625320519936949,0.3414234550283032,1,2.048720657630062,215.0879560182928,215.8026491944025,1.2916461022285142,2.0555281363046864,other_or_inconclusive,False,False
2025-06-01,cccd73cb8cda,590b378d8dab,UNIUSDT,2025-08-11T08:00:00+00:00,2025-08-12T00:00:00+00:00,2025-08-14T08:00:00+00:00,STOPPED,RISK_ON,capacity_contested,1,11.047521,10.293249999999999,106.36227725568877,14,56,<=3d,15,-0.33213659281610824,1.6605159153672875,-2.2676671083041944,11.337195014157487,3,13,8.0,48.0,2025-08-12T08:00:00+00:00,2025-08-14T00:00:00+00:00,-0.33213659281610824,0.7788699287126236,3,0.6264297913859262,66.62849915261316,68.87836457386302,1.496438223226437,2.3285842976352495,other_or_inconclusive,False,False
2025-06-01,aa0081958ccb,6c34cc513d87,PENDLEUSDT,2025-08-12T04:00:00+00:00,2025-08-14T16:00:00+00:00,2025-08-19T16:00:00+00:00,STOPPED,RISK_ON,capacity_contested,1,5.6118045,5.150565,107.60628667896034,30,120,3-7d,31,-1.1421495773887544,0.3212983710198282,-9.387435004195178,2.640781588168295,30,18,116.0,68.0,2025-08-19T12:00:00+00:00,2025-08-17T12:00:00+00:00,-0.7735775014932595,0.10015512548253248,6,-1.0271891311021717,-110.53200811489246,-108.80790356985679,0.8431998754030237,1.4575998338706981,entry_quality_like,True,False
2025-06-01,6e4f4b4516ca,f3aad2a32430,TRXUSDT,2025-08-19T08:00:00+00:00,2025-08-19T16:00:00+00:00,2025-08-25T00:00:00+00:00,STOPPED,NEUTRAL,non_capacity,0,0.34947465,0.339234,105.8056622449683,32,128,3-7d,33,-0.3295347463295761,1.87735641780551,-0.9656351326197687,5.501214465770277,3,31,8.0,120.0,2025-08-20T00:00:00+00:00,2025-08-24T16:00:00+00:00,-0.3295347463295761,0.20754053697763541,3,1.0603313008248163,112.1890554828384,117.36146281613246,1.823648889474784,3.2616435480169654,other_or_inconclusive,False,False
2025-06-01,a3760cc7951d,44ce9a797938,BNBUSDT,2025-08-23T04:00:00+00:00,2025-08-25T00:00:00+00:00,2025-09-21T00:00:00+00:00,CLOSED,RISK_ON,non_capacity,0,876.9482549999999,806.5968,107.32965933324907,162,648,>7d,163,-0.6731666743779493,2.935571766070801,-5.4003477092271375,23.550049141725026,7,163,24.0,648.0,2025-08-26T00:00:00+00:00,2025-09-21T00:00:00+00:00,-0.6281071940871726,0.054039322996235165,6,2.3911219803393053,256.6383075740615,257.81174483297343,1.551541249882925,2.4020549998439,other_or_inconclusive,False,False
2025-06-01,95e0783b9b65,a955a8bb6e25,PYTHUSDT,2025-09-11T00:00:00+00:00,2025-09-13T20:00:00+00:00,2025-09-22T08:00:00+00:00,STOPPED,NEUTRAL,non_capacity,0,0.17498745,0.1541525,110.02852872056671,51,204,>7d,52,-1.6312710133693633,0.16858931746896463,-19.42279289171881,2.007315381760244,51,31,200.0,120.0,2025-09-22T04:00:00+00:00,2025-09-18T20:00:00+00:00,-0.49375928427953897,0.0869956491376281,5,-1.0181495913117145,-112.02550154947423,-110.8426018416252,1.2771835239016185,2.036244698535491,other_or_inconclusive,False,False
2025-06-01,c3f209c66d9a,ca1b47cb963b,CAKEUSDT,2025-09-21T12:00:00+00:00,2025-09-21T16:00:00+00:00,2025-09-22T20:00:00+00:00,STOPPED,RISK_ON,non_capacity,0,2.935467,2.595475,111.00034887161193,7,28,<=3d,8,-1.0690457422527586,0.07509882585472541,-12.381914019132223,0.8698104935262352,7,1,24.0,0.0,2025-09-22T16:00:00+00:00,2025-09-21T16:00:00+00:00,-0.8778647732887832,0.07509882585472541,6,-1.0187137971628748,-113.07758688540362,-111.84771772290127,1.2786279024008802,2.038170536534507,entry_quality_like,True,False
2025-06-01,130032d33d1d,24d011dfb202,SOLUSDT,2025-10-02T00:00:00+00:00,2025-10-02T04:00:00+00:00,2025-10-11T00:00:00+00:00,STOPPED,RISK_ON,non_capacity,0,223.9119,201.22565,108.68616917101208,53,212,>7d,54,-2.4297492974819552,0.611740591768141,-24.617673290253894,6.1980180597815515,53,28,208.0,108.0,2025-10-10T20:00:00+00:00,2025-10-06T16:00:00+00:00,-0.06532150531709718,0.48831781365364507,1,-1.0216789832762134,-111.04237481482616,-109.65020884426997,1.29825139096987,2.0643351879598257,other_or_inconclusive,False,False
2025-06-01,37ab8907fa8d,ba51eb166e19,LINKUSDT,2025-10-02T00:00:00+00:00,2025-10-02T04:00:00+00:00,2025-10-10T20:00:00+00:00,STOPPED,RISK_ON,non_capacity,0,22.701345,20.586499999999997,108.72366613071769,52,208,>7d,53,-6.998784780917742,0.48639734826902176,-65.2002998060247,4.531251342156151,53,30,208.0,116.0,2025-10-10T20:00:00+00:00,2025-10-07T00:00:00+00:00,-0.36472885719757203,0.20268861311348993,3,-1.0237525452219902,-111.30612992718814,-109.7820130794539,1.6368287204106973,2.515771627214263,other_or_inconclusive,False,False
2025-06-01,65412d9c1e2d,1732b2628400,PENGUUSDT,2025-10-02T04:00:00+00:00,2025-10-02T12:00:00+00:00,2025-10-11T00:00:00+00:00,STOPPED,RISK_ON,non_capacity,0,0.0316348095,0.02617736,108.596096426585,51,204,>7d,52,-4.737892581507168,0.44071695028969143,-81.73530964363796,7.602987146168849,51,18,200.0,68.0,2025-10-10T20:00:00+00:00,2025-10-05T08:00:00+00:00,-0.2585107750424441,0.06948126592834276,1,-1.0119071127346209,-109.88916238927612,-109.11699160129135,1.780222436159946,2.7069632482132606,other_or_inconclusive,False,False
2025-06-01,d5a79ba511f5,1727a8266c6d,TRXUSDT,2026-01-16T00:00:00+00:00,2026-01-16T12:00:00+00:00,2026-01-24T16:00:00+00:00,STOPPED,RISK_OFF,non_capacity,0,0.3087543,0.29402249999999996,103.63369336140113,49,196,>7d,50,-1.0015273082719003,0.83124261801002,-4.778654094857949,3.966163386226529,49,11,192.0,40.0,2026-01-24T12:00:00+00:00,2026-01-18T04:00:00+00:00,-0.23447915393909513,0.31535182394548017,2,-1.0482800945912918,-108.6371378797345,-105.70205144434766,1.4546412355534197,2.351161100753669,other_or_inconclusive,False,False
2025-06-01,6ad9c8a7a0b2,0e7d6a40edc1,ETHUSDT,2026-01-16T04:00:00+00:00,2026-01-16T08:00:00+00:00,2026-01-20T16:00:00+00:00,STOPPED,RISK_OFF,non_capacity,0,3311.064705,3065.7731,103.28901423727564,26,104,3-7d,27,-1.3492296444470646,0.2354556528748728,-9.995416413947723,1.7443118798851964,27,15,104.0,56.0,2026-01-20T16:00:00+00:00,2026-01-18T16:00:00+00:00,-0.23667628168521945,0.03630493183816881,2,-1.0303838621338064,-106.42733340579778,-104.57997028680765,1.791454295857736,2.7219390611436483,other_or_inconclusive,False,False
2025-06-01,dcce33069a45,43d023c0f968,SOLUSDT,2026-01-16T20:00:00+00:00,2026-01-17T00:00:00+00:00,2026-01-19T00:00:00+00:00,STOPPED,RISK_OFF,non_capacity,0,144.96244499999997,138.15609999999998,103.67874120489533,12,48,<=3d,13,-2.1983083431709662,0.004048428341501218,-10.321600880835014,0.019008371444084737,13,1,48.0,0.0,2026-01-19T00:00:00+00:00,2026-01-17T00:00:00+00:00,-0.241310865082505,0.004048428341501218,3,-1.049095222457869,-108.7688720685015,-105.78322614325477,1.5476866414247528,2.4615194502725477,other_or_inconclusive,False,False
2025-06-01,ef40cf742078,693fb6ae4b54,BNBUSDT,2026-01-16T20:00:00+00:00,2026-01-17T00:00:00+00:00,2026-01-19T04:00:00+00:00,STOPPED,RISK_OFF,non_capacity,0,938.6290799999999,909.83465,104.25370384371044,13,52,<=3d,14,-1.3068180200128996,0.725519484150237,-4.008940357995295,2.22568429267076,13,4,48.0,12.0,2026-01-19T00:00:00+00:00,2026-01-17T12:00:00+00:00,-0.10866962811904732,0.725519484150237,2,-1.076202623123639,-112.19810954695618,-107.54786983858673,1.433910714935899,2.795170822126733,other_or_inconclusive,False,False
2025-06-01,c6e31c67babf,57a3f103d23a,DASHUSDT,2026-01-18T12:00:00+00:00,2026-01-19T04:00:00+00:00,2026-01-20T08:00:00+00:00,STOPPED,RISK_ON,non_capacity,0,81.690825,70.3487,101.02268486696259,7,28,<=3d,8,-1.543875155669681,0.6285572588910793,-21.435485564015288,8.727020445686517,7,1,24.0,0.0,2026-01-20T04:00:00+00:00,2026-01-19T04:00:00+00:00,-0.7124612892204941,0.6285572588910793,6,-1.015279621878616,-102.56627329289236,-101.64927067437524,1.293842644125327,2.055450226224983,other_or_inconclusive,False,False
2025-06-01,58b113a27083,2fd195e29f0d,ROSEUSDT,2026-01-20T12:00:00+00:00,2026-01-21T00:00:00+00:00,2026-02-06T04:00:00+00:00,STOPPED,RISK_ON,non_capacity,0,0.016578285,0.01182,97.62705294143605,97,388,>7d,98,-1.0252191703523434,1.3012492946513283,-29.425751819322688,37.34834453624121,97,5,384.0,16.0,2026-02-06T00:00:00+00:00,2026-01-21T16:00:00+00:00,-0.11732903766798373,1.3012492946513283,1,-1.006359327783014,-98.24789537158031,-97.86956715943008,1.8325987805866548,2.7767983741155398,exit_protection_like,False,True
2025-06-01,d62f444e276d,9bdced689f36,TRXUSDT,2026-04-15T00:00:00+00:00,2026-04-15T16:00:00+00:00,2026-05-09T08:00:00+00:00,CLOSED,NEUTRAL,non_capacity,0,0.3273636,0.313624,97.35327234930106,142,568,>7d,143,-0.5504963754403348,1.8949896649101927,-2.3104584627001934,7.953358284183087,55,142,216.0,564.0,2026-04-24T16:00:00+00:00,2026-05-09T04:00:00+00:00,-0.17202829776703632,0.08270983143614373,4,1.776511131823344,172.9491720479631,174.8747752643105,0.8108070658857189,1.7962906746150684,other_or_inconclusive,False,False
2025-06-01,fa7c46530a00,57f96e88cd03,BNBUSDT,2026-04-15T04:00:00+00:00,2026-04-15T12:00:00+00:00,2026-05-15T16:00:00+00:00,STOPPED,NEUTRAL,non_capacity,0,620.00985,580.2635,96.97980785039233,181,724,>7d,182,-0.24530176984804986,1.7604169942648815,-1.572531468653282,11.285328773405778,86,180,340.0,716.0,2026-04-29T16:00:00+00:00,2026-05-15T08:00:00+00:00,-0.10088599330504633,0.19197108665323875,1,1.2988615461140622,125.96334316640527,128.20947820420653,1.5303247859888327,2.3737663813184438,other_or_inconclusive,False,False
2025-06-01,a925e8a72fbd,2dddda5e5f59,AVAXUSDT,2026-04-15T12:00:00+00:00,2026-04-15T20:00:00+00:00,2026-05-28T08:00:00+00:00,STOPPED,NEUTRAL,non_capacity,0,9.534764999999998,8.7862,96.97352084528775,255,1020,>7d,256,-1.0951153206468367,1.276088248849469,-8.597642416986663,10.018443034516334,255,150,1016.0,596.0,2026-05-28T04:00:00+00:00,2026-05-10T16:00:00+00:00,-0.36705563311135153,0.44783686119442023,5,-1.0285580007080206,-99.74289072224674,-98.11173696392918,1.4386899701194715,2.2515866268259623,exit_protection_like,False,True
2025-06-01,6e420b8ec4ed,c705d088a132,LINKUSDT,2026-04-15T16:00:00+00:00,2026-04-15T20:00:00+00:00,2026-05-08T04:00:00+00:00,STOPPED,NEUTRAL,non_capacity,0,9.32466,8.55965,96.93559683457131,134,536,>7d,135,-0.5420321302989497,1.2226506843047802,-4.446918171815373,10.03082149912169,84,124,332.0,492.0,2026-04-29T16:00:00+00:00,2026-05-06T08:00:00+00:00,-0.2805976392465461,0.43834721114756714,5,0.5944780340514554,57.626083035820436,59.33958148494271,1.1628518544411341,1.883802472588179,other_or_inconclusive,False,False
2025-06-01,e4b6f9e14acf,631341700169,ETHUSDT,2026-04-16T00:00:00+00:00,2026-04-16T20:00:00+00:00,2026-05-18T00:00:00+00:00,STOPPED,RISK_ON,capacity_contested,1,2360.87985,2143.0447999999997,97.89940497561145,187,748,>7d,188,-1.236714890464136,0.47756387229695124,-11.410993659842529,4.406414413677173,187,6,744.0,20.0,2026-05-17T20:00:00+00:00,2026-04-17T16:00:00+00:00,-0.19946216185136387,0.47756387229695124,3,-1.0240011811469278,-100.24910632860755,-98.862531941433,1.5769891443030573,2.4359855257374097,other_or_inconclusive,False,False
2025-06-01,da57110a3f3a,efb12cf60a60,PEPEUSDT,2026-05-08T04:00:00+00:00,2026-05-08T12:00:00+00:00,2026-05-11T04:00:00+00:00,STOPPED,NEUTRAL,non_capacity,0,4.202099999999999e-06,3.9596999999999995e-06,99.40290370025716,16,64,<=3d,17,-0.2561881188118773,1.600247524752482,-1.477832512315247,9.231098736346134,1,14,0.0,52.0,2026-05-08T12:00:00+00:00,2026-05-10T16:00:00+00:00,-0.2561881188118773,0.6926567656765711,1,0.26521172882045624,26.362815940118526,28.80408420871004,1.2133256105798917,1.9552744765872472,other_or_inconclusive,False,False
2025-06-01,6a57790625d6,07c979a419a7,TAOUSDT,2026-05-08T16:00:00+00:00,2026-05-09T08:00:00+00:00,2026-05-16T08:00:00+00:00,STOPPED,NEUTRAL,non_capacity,0,313.25655,276.78499999999997,100.43746975027742,42,168,3-7d,43,-1.2436145433906698,0.5495639752080728,-14.479042816502963,6.398413696377614,42,9,164.0,32.0,2026-05-16T04:00:00+00:00,2026-05-10T16:00:00+00:00,-0.21815771471187775,0.03957742404696216,2,-1.0186061693292447,-102.30622631945198,-101.19969633688622,1.424424734519748,2.232566312692997,other_or_inconclusive,False,False
2025-06-01,2c8672e91c12,ae299e5b9db1,TRXUSDT,2026-05-10T04:00:00+00:00,2026-05-11T12:00:00+00:00,2026-05-27T16:00:00+00:00,STOPPED,RISK_ON,non_capacity,0,0.3515757,0.3387415,101.93792651283857,97,388,>7d,98,-0.36431565660500836,2.019938913216248,-1.3299269545648418,7.37374625151852,8,91,28.0,360.0,2026-05-12T16:00:00+00:00,2026-05-26T12:00:00+00:00,-0.31756556700067085,0.08760187623693108,4,1.4349881428572402,146.27971585337605,150.33948927842138,1.65450472757803,2.8164312818616852,other_or_inconclusive,False,False
